class,antlr4,0.5,0.5,RF_COS,ROS,RF,0.62,0.6,0.59,0.6,47,362
class,antlr4,0.5,0.5,RF_COS,NONE,RF,0.32,0.5,0.39,0.64,47,362
class,antlr4,0.5,0.5,ALL,RUS,NB,0.49,0.49,0.49,0.49,95,362
class,antlr4,0.5,0.5,ALL,ROS,NB,0.58,0.57,0.57,0.57,95,362
class,antlr4,0.5,0.5,ALL,NONE,NB,0.49,0.49,0.46,0.47,95,362
class,antlr4,0.5,0.5,CS_SU,RUS,NB,0.42,0.43,0.41,0.43,38,362
class,antlr4,0.5,0.5,CS_SU,ROS,NB,0.51,0.51,0.5,0.51,38,362
class,antlr4,0.5,0.5,CS_SU,NONE,NB,0.46,0.46,0.44,0.47,38,362
class,antlr4,0.5,0.5,IG_SU,RUS,NB,0.47,0.47,0.46,0.47,34,362
class,antlr4,0.5,0.5,IG_SU,ROS,NB,0.54,0.53,0.52,0.53,34,362
class,antlr4,0.5,0.5,IG_SU,NONE,NB,0.47,0.47,0.44,0.45,34,362
class,antlr4,0.5,0.5,RF_SU,RUS,NB,0.53,0.53,0.52,0.53,47,362
class,antlr4,0.5,0.5,RF_SU,ROS,NB,0.58,0.57,0.56,0.57,47,362
class,antlr4,0.5,0.5,RF_SU,NONE,NB,0.5,0.51,0.47,0.48,47,362
class,antlr4,0.5,0.5,CS_COS,RUS,NB,0.42,0.43,0.41,0.43,45,362
class,antlr4,0.5,0.5,CS_COS,ROS,NB,0.51,0.52,0.5,0.52,45,362
class,antlr4,0.5,0.5,CS_COS,NONE,NB,0.47,0.47,0.45,0.48,45,362
class,antlr4,0.5,0.5,IG_COS,RUS,NB,0.47,0.47,0.46,0.47,47,362
class,antlr4,0.5,0.5,IG_COS,ROS,NB,0.54,0.53,0.52,0.53,47,362
class,antlr4,0.5,0.5,IG_COS,NONE,NB,0.48,0.47,0.45,0.46,47,362
class,antlr4,0.5,0.5,RF_COS,RUS,NB,0.53,0.53,0.52,0.53,47,362
class,antlr4,0.5,0.5,RF_COS,ROS,NB,0.58,0.57,0.56,0.57,47,362
class,antlr4,0.5,0.5,RF_COS,NONE,NB,0.5,0.51,0.47,0.48,47,362
class,antlr4,0.5,0.5,ALL,RUS,KNN,0.52,0.52,0.51,0.52,95,362
class,antlr4,0.5,0.5,ALL,ROS,KNN,0.58,0.57,0.56,0.57,95,362
