Hash,LongName,McCC,CLOC,PDA,PUA,LLOC,LOC,Number of Bugs
92bff167832b0389e135a60e46f1284c34744e3c,framework/oryx-lambda-serving/src/test/java/com/cloudera/oryx/lambda/serving/MockServingModelManager.java,1,0,0,5,22,49,NoBug
31fb3c41d9d4b4650dd5da05b2212c7d27cb1da9,oryx-app-mllib/src/test/java/com/cloudera/oryx/app/mllib/rdf/RDFCategoricalHyperParamTuningIT.java,6,0,0,2,84,119,Bag
d6687d2eb4391d042aa1d5e80653326e501b0fed,app/oryx-app-serving/src/test/java/com/cloudera/oryx/app/serving/als/model/ALSServingInputProducerIT.java,3,0,0,2,57,90,Bag
92bff167832b0389e135a60e46f1284c34744e3c,app/oryx-app-serving/src/main/java/com/cloudera/oryx/app/serving/als/Ingest.java,7,0,1,2,66,117,NoBug
eff199ff1f6cad1b4ff13829dfb29ff4884d4c31,app/oryx-app-common/src/test/java/com/cloudera/oryx/app/kmeans/KMeansUtilsTest.java,1,0,0,6,62,89,NoBug
d6687d2eb4391d042aa1d5e80653326e501b0fed,framework/oryx-lambda-serving/src/main/java/com/cloudera/oryx/lambda/serving/TopicProducerImpl.java,3,0,1,6,52,87,Bag
0e536a808244ffd416c047e7c365d4f055ea1b8a,app/oryx-app-mllib/src/test/java/com/cloudera/oryx/app/batch/mllib/kmeans/KMeansUpdateIT.java,5,0,0,2,76,116,NoBug
d6687d2eb4391d042aa1d5e80653326e501b0fed,app/oryx-app-mllib/src/test/java/com/cloudera/oryx/app/batch/mllib/rdf/RDFNumericHyperParamTuningIT.java,7,0,0,2,89,125,Bag
d16f89b25fc5e12f94af6432274c66e0394c1743,framework/oryx-lambda-serving/src/main/java/com/cloudera/oryx/lambda/serving/ModelManagerListener.java,9,0,1,3,154,207,NoBug
69df35c2f300fbb8052b8ec5250e98abec351093,framework/oryx-lambda/src/main/java/com/cloudera/oryx/lambda/batch/SaveToHDFSFunction.java,3,0,0,0,60,87,NoBug
74921d9fce0e695ad2f093b11f299f5caf997a31,app/oryx-app/src/test/java/com/cloudera/oryx/app/speed/rdf/RDFSpeedIT.java,18,0,0,3,141,189,Bag
eb08674e77479787fa9288f2c824e48af8539ff2,oryx-app-mllib/src/main/java/com/cloudera/oryx/app/mllib/rdf/RDFUpdate.java,42,0,0,5,502,617,NoBug
fddb336ac30ea3fb0bde91c61ef043f523d7d9fe,app/example/src/main/java/com/cloudera/oryx/example/ExampleServingModelManager.java,1,0,1,3,17,44,NoBug
5dee3554c81652b743b1f73ae3dfb0fdc1fe9943,oryx-ml-oryx-serving/src/main/java/com/cloudera/oryx/ml/serving/als/model/ALSServingModelManager.java,9,0,0,4,77,116,Bag
6168157dff2bc3dc210abe2f731785f2ad07960e,framework/oryx-lambda-serving/src/main/java/com/cloudera/oryx/lambda/serving/ServingLayer.java,23,0,4,2,246,339,NoBug
a3fad83af334072f2a5a29c27124408bce1c16a3,framework/oryx-lambda/src/main/java/com/cloudera/oryx/lambda/AbstractSparkLayer.java,11,0,2,1,221,304,Bag
e0b8eb77d5771ae8f13d00fd85fa143144cb8f42,app/oryx-app-serving/src/main/java/com/cloudera/oryx/app/serving/als/model/ALSServingModelManager.java,23,0,1,3,139,187,NoBug
982cafdf7cb43bde8f4260efd705860b2264acb0,framework/oryx-lambda/src/main/java/com/cloudera/oryx/lambda/AbstractSparkLayer.java,3,0,2,1,167,245,Bag
aed5c73de7645c46f9fc3da32ea8c14fffe18e50,app/oryx-app/src/test/java/com/cloudera/oryx/app/speed/als/MockALSInputGenerator.java,2,0,0,2,19,40,NoBug
d6687d2eb4391d042aa1d5e80653326e501b0fed,app/oryx-app/src/test/java/com/cloudera/oryx/app/speed/als/ALSSpeedIT.java,8,0,0,2,82,121,Bag
e0b8eb77d5771ae8f13d00fd85fa143144cb8f42,app/oryx-app-common/src/main/java/com/cloudera/oryx/app/pmml/AppPMMLUtils.java,25,0,10,4,186,285,NoBug
d16f89b25fc5e12f94af6432274c66e0394c1743,app/oryx-app-serving/src/main/java/com/cloudera/oryx/app/serving/als/Recommend.java,7,0,1,1,73,127,NoBug
df27388cd4a3029d67283e23ecdd70b83fa4bd9b,app/oryx-app-serving/src/test/java/com/cloudera/oryx/app/serving/kmeans/AssignTest.java,1,0,0,5,39,65,NoBug
d16f89b25fc5e12f94af6432274c66e0394c1743,framework/kafka-util/src/main/java/com/cloudera/oryx/kafka/util/ProduceData.java,3,0,1,3,76,109,NoBug
008d439437affbae40d70282d6114384c0f813cc,framework/kafka-util/src/main/java/com/cloudera/oryx/kafka/util/ConsumeData.java,2,0,1,3,34,63,NoBug
92bff167832b0389e135a60e46f1284c34744e3c,app/oryx-app-serving/src/main/java/com/cloudera/oryx/app/serving/rdf/model/RDFServingModelManager.java,8,0,2,4,98,146,NoBug
fb42815a896689463ed02f27a49d9145ca239fe7,app/oryx-app/src/test/java/com/cloudera/oryx/app/speed/als/MockALSModelUpdateGenerator.java,4,0,0,2,78,116,NoBug
d6687d2eb4391d042aa1d5e80653326e501b0fed,framework/oryx-lambda-serving/src/test/java/com/cloudera/oryx/lambda/serving/AbstractServingTest.java,7,0,0,6,141,181,Bag
e51380a7c4ca62fb52fbf40e8086d2105a69f623,app/oryx-app-mllib/src/test/java/com/cloudera/oryx/app/batch/mllib/kmeans/KMeansUpdateIT.java,5,0,0,2,76,116,Bag
58153f886aa4d625048774f3570def750710bec1,oryx-lambda/src/main/java/com/cloudera/oryx/lambda/BatchUpdateFunction.java,6,0,0,0,105,153,Bag
d6687d2eb4391d042aa1d5e80653326e501b0fed,framework/oryx-lambda/src/test/java/com/cloudera/oryx/lambda/speed/AbstractSpeedIT.java,1,0,0,1,69,110,Bag
efcdff4c4e8f2827aae55879bbb778cd0f7dd99c,oryx-ml/src/main/java/com/cloudera/oryx/ml/MLUpdate.java,30,0,5,1,260,369,NoBug
a01929fd9e55e822851b78f399e2f99024a3358a,app/oryx-app-mllib/src/test/java/com/cloudera/oryx/app/batch/mllib/rdf/RDFNumericHyperParamTuningIT.java,8,0,0,2,86,123,NoBug
9116a5ada9a110bd788ea7d980eae7c307c262ba,framework/oryx-common/src/main/java/com/cloudera/oryx/common/math/VectorMath.java,11,0,6,0,58,110,NoBug
66c74821b0219328955c47fac225166c40655fb5,oryx-lambda/src/test/java/com/cloudera/oryx/lambda/AbstractBatchIT.java,7,0,0,1,104,146,Bag
df27388cd4a3029d67283e23ecdd70b83fa4bd9b,app/oryx-app-mllib/src/main/java/com/cloudera/oryx/app/batch/mllib/kmeans/KMeansUpdate.java,14,0,4,1,189,264,NoBug
d16f89b25fc5e12f94af6432274c66e0394c1743,app/oryx-app-mllib/src/main/java/com/cloudera/oryx/app/batch/mllib/als/ALSUpdate.java,23,0,1,5,425,548,NoBug
d16f89b25fc5e12f94af6432274c66e0394c1743,app/oryx-app-serving/src/main/java/com/cloudera/oryx/app/serving/als/RecommendToMany.java,9,0,1,1,84,125,NoBug
d6687d2eb4391d042aa1d5e80653326e501b0fed,framework/oryx-lambda/src/test/java/com/cloudera/oryx/lambda/AbstractLambdaIT.java,3,0,1,2,82,117,Bag
d6687d2eb4391d042aa1d5e80653326e501b0fed,app/oryx-app-serving/src/main/java/com/cloudera/oryx/app/serving/AbstractOryxResource.java,9,0,1,0,95,139,Bag
d16f89b25fc5e12f94af6432274c66e0394c1743,framework/kafka-util/src/main/java/com/cloudera/oryx/kafka/util/ConsumeData.java,2,0,1,3,34,64,NoBug
d6687d2eb4391d042aa1d5e80653326e501b0fed,app/oryx-app-mllib/src/test/java/com/cloudera/oryx/app/batch/mllib/AbstractAppMLlibIT.java,12,0,1,0,109,139,Bag
d6687d2eb4391d042aa1d5e80653326e501b0fed,framework/oryx-lambda-serving/src/test/java/com/cloudera/oryx/lambda/serving/AbstractServingIT.java,2,0,0,3,64,98,Bag
eb08674e77479787fa9288f2c824e48af8539ff2,oryx-common/src/main/java/com/cloudera/oryx/common/text/TextUtils.java,8,0,7,1,74,140,NoBug
01853e86889056e23179c30d4f596b952e18757d,framework/kafka-util/src/main/java/com/cloudera/oryx/kafka/util/KafkaUtils.java,9,0,8,0,172,285,Bag
fddb336ac30ea3fb0bde91c61ef043f523d7d9fe,framework/oryx-lambda-serving/src/test/java/com/cloudera/oryx/lambda/serving/MockServingModelManager.java,1,0,0,4,16,41,NoBug
d6687d2eb4391d042aa1d5e80653326e501b0fed,framework/kafka-util/src/test/java/com/cloudera/oryx/kafka/util/ProduceConsumeIT.java,3,0,1,1,53,89,Bag
fddb336ac30ea3fb0bde91c61ef043f523d7d9fe,framework/oryx-lambda-serving/src/test/java/com/cloudera/oryx/lambda/serving/AbstractServingTest.java,7,0,0,6,141,181,NoBug
d876e6d2abb63862f3f8f047bc9e9c306dafe3af,oryx-lambda-serving/src/main/java/com/cloudera/oryx/lambda/serving/ServingLayer.java,21,0,3,3,210,292,NoBug
5dee3554c81652b743b1f73ae3dfb0fdc1fe9943,oryx-ml-oryx/src/main/java/com/cloudera/oryx/ml/speed/als/ALSSpeedModelManager.java,29,0,0,5,217,305,Bag
29b158c18a24097071341a4dbe81d1c9d40a9374,oryx-ml-mllib/src/test/java/com/cloudera/oryx/ml/mllib/als/HyperParamTuningIT.java,1,0,0,2,65,97,NoBug
a01929fd9e55e822851b78f399e2f99024a3358a,framework/oryx-lambda/src/main/java/com/cloudera/oryx/lambda/AbstractSparkLayer.java,5,0,1,0,156,221,NoBug
d6687d2eb4391d042aa1d5e80653326e501b0fed,framework/oryx-lambda/src/main/java/com/cloudera/oryx/lambda/TopicProducerImpl.java,4,0,1,6,54,90,Bag
e51380a7c4ca62fb52fbf40e8086d2105a69f623,framework/oryx-common/src/test/java/com/cloudera/oryx/common/io/IOUtilsTest.java,3,0,1,9,111,155,Bag
d16f89b25fc5e12f94af6432274c66e0394c1743,app/oryx-app-serving/src/main/java/com/cloudera/oryx/app/serving/rdf/FeatureImportance.java,3,0,1,2,35,70,NoBug
0e536a808244ffd416c047e7c365d4f055ea1b8a,app/oryx-app-mllib/src/test/java/com/cloudera/oryx/app/batch/mllib/rdf/RDFUpdateIT.java,10,0,0,2,141,187,NoBug
92bff167832b0389e135a60e46f1284c34744e3c,app/example/src/main/java/com/cloudera/oryx/example/ExampleServingModelManager.java,5,0,1,5,54,87,NoBug
92bff167832b0389e135a60e46f1284c34744e3c,app/oryx-app-serving/src/main/java/com/cloudera/oryx/app/serving/kmeans/Add.java,3,0,1,3,43,75,NoBug
e0b8eb77d5771ae8f13d00fd85fa143144cb8f42,app/oryx-app/src/main/java/com/cloudera/oryx/app/speed/rdf/RDFSpeedModelManager.java,7,0,1,3,93,154,NoBug
d6687d2eb4391d042aa1d5e80653326e501b0fed,app/oryx-app-mllib/src/test/java/com/cloudera/oryx/app/batch/mllib/kmeans/KMeansHyperParamTuningIT.java,1,0,0,2,55,88,Bag
d6687d2eb4391d042aa1d5e80653326e501b0fed,app/oryx-app/src/test/java/com/cloudera/oryx/app/speed/rdf/RDFSpeedIT.java,20,0,0,3,156,206,Bag
fddb336ac30ea3fb0bde91c61ef043f523d7d9fe,app/oryx-app-serving/src/main/java/com/cloudera/oryx/app/serving/rdf/model/RDFServingModelManager.java,8,0,2,3,93,139,NoBug
fb42815a896689463ed02f27a49d9145ca239fe7,app/oryx-app-serving/src/main/java/com/cloudera/oryx/app/serving/als/model/ALSServingModel.java,41,0,9,9,367,506,NoBug
d6687d2eb4391d042aa1d5e80653326e501b0fed,app/oryx-app/src/test/java/com/cloudera/oryx/app/speed/rdf/MockRDFRegressionInputGenerator.java,3,0,0,2,13,36,Bag
5dee3554c81652b743b1f73ae3dfb0fdc1fe9943,oryx-ml-oryx/src/main/java/com/cloudera/oryx/ml/speed/als/ALSSpeedModel.java,1,0,0,11,116,149,Bag
eb36daaf73ce1e658c78fd6993685351fbd7c580,app/oryx-app-serving/src/main/java/com/cloudera/oryx/app/serving/als/model/ALSServingModel.java,39,0,8,9,364,513,NoBug
fddb336ac30ea3fb0bde91c61ef043f523d7d9fe,app/oryx-app/src/main/java/com/cloudera/oryx/app/speed/kmeans/KMeansSpeedModelManager.java,11,0,1,4,120,168,NoBug
ac4bdcf82a169d77efcd0c63914572b9b94e48a9,framework/oryx-lambda-serving/src/main/java/com/cloudera/oryx/lambda/serving/ServingLayer.java,18,0,4,2,242,338,NoBug
fddb336ac30ea3fb0bde91c61ef043f523d7d9fe,app/example/src/main/java/com/cloudera/oryx/example/ExampleSpeedModelManager.java,1,0,1,3,18,46,NoBug
fddb336ac30ea3fb0bde91c61ef043f523d7d9fe,app/oryx-app-mllib/src/test/java/com/cloudera/oryx/app/batch/mllib/rdf/RDFUpdateIT.java,9,0,0,2,140,187,NoBug
d6687d2eb4391d042aa1d5e80653326e501b0fed,framework/oryx-lambda/src/test/java/com/cloudera/oryx/lambda/batch/BatchLayerIT.java,2,0,1,1,49,82,Bag
cd8d4fed685a312cde10a2f090221aa23867e2c9,deploy/oryx-batch/src/main/java/com/cloudera/oryx/batch/Main.java,1,0,1,1,15,40,NoBug
d876e6d2abb63862f3f8f047bc9e9c306dafe3af,oryx-lambda-serving/src/test/java/com/cloudera/oryx/lambda/serving/AbstractServingIT.java,3,0,0,3,69,105,NoBug
df27388cd4a3029d67283e23ecdd70b83fa4bd9b,app/oryx-app-serving/src/main/java/com/cloudera/oryx/app/serving/kmeans/Assign.java,4,0,1,3,61,96,NoBug
d16f89b25fc5e12f94af6432274c66e0394c1743,framework/oryx-lambda-serving/src/test/java/com/cloudera/oryx/lambda/serving/MockTopicProducer.java,1,0,0,5,22,48,NoBug
008d439437affbae40d70282d6114384c0f813cc,framework/oryx-lambda-serving/src/main/java/com/cloudera/oryx/lambda/serving/ModelManagerListener.java,9,0,1,3,153,206,NoBug
fddb336ac30ea3fb0bde91c61ef043f523d7d9fe,framework/oryx-common/src/test/java/com/cloudera/oryx/common/pmml/PMMLUtilsTest.java,1,0,0,6,64,90,NoBug
efcdff4c4e8f2827aae55879bbb778cd0f7dd99c,oryx-lambda/src/main/java/com/cloudera/oryx/lambda/BatchUpdateFunction.java,5,0,0,0,99,145,NoBug
fddb336ac30ea3fb0bde91c61ef043f523d7d9fe,app/oryx-app-serving/src/main/java/com/cloudera/oryx/app/serving/als/model/ALSServingModelManager.java,11,0,1,4,97,142,NoBug
d16f89b25fc5e12f94af6432274c66e0394c1743,app/oryx-app-serving/src/main/java/com/cloudera/oryx/app/serving/als/PopularRepresentativeItems.java,3,0,1,1,29,60,NoBug
e51380a7c4ca62fb52fbf40e8086d2105a69f623,framework/oryx-common/src/test/java/com/cloudera/oryx/common/OryxTest.java,8,0,3,8,93,150,Bag
ceb8f91d84d2bc2e6ad109938f110e96381cf3db,oryx-ml-oryx-serving/src/main/java/com/cloudera/oryx/ml/serving/als/model/ALSServingModel.java,33,0,2,10,366,479,NoBug
efcdff4c4e8f2827aae55879bbb778cd0f7dd99c,oryx-lambda/src/test/java/com/cloudera/oryx/lambda/AbstractLambdaIT.java,4,0,1,3,88,126,NoBug
d6687d2eb4391d042aa1d5e80653326e501b0fed,framework/oryx-lambda/src/main/java/com/cloudera/oryx/lambda/AbstractSparkLayer.java,9,0,2,1,215,299,Bag
83ebf95d0abaa09f8a1d741b48385257d2dc242b,oryx-lambda/src/main/java/com/cloudera/oryx/lambda/speed/SpeedLayer.java,13,0,1,4,245,310,Bag
0e536a808244ffd416c047e7c365d4f055ea1b8a,framework/oryx-lambda/src/main/java/com/cloudera/oryx/lambda/batch/BatchLayer.java,7,0,1,4,121,172,NoBug
fddb336ac30ea3fb0bde91c61ef043f523d7d9fe,framework/oryx-lambda-serving/src/main/java/com/cloudera/oryx/lambda/serving/ModelManagerListener.java,9,0,1,3,154,208,NoBug
efcdff4c4e8f2827aae55879bbb778cd0f7dd99c,oryx-lambda/src/main/java/com/cloudera/oryx/lambda/ScalaBatchLayerUpdateAdapter.java,1,0,0,3,25,47,NoBug
d16f89b25fc5e12f94af6432274c66e0394c1743,app/oryx-app-serving/src/main/java/com/cloudera/oryx/app/serving/als/Preference.java,5,0,1,2,51,83,NoBug
d16f89b25fc5e12f94af6432274c66e0394c1743,app/oryx-app-serving/src/main/java/com/cloudera/oryx/app/serving/als/MostActiveUsers.java,2,0,1,1,32,65,NoBug
eb08674e77479787fa9288f2c824e48af8539ff2,oryx-app-mllib/src/test/java/com/cloudera/oryx/app/mllib/rdf/RandomNumericRDFDataGenerator.java,4,0,0,0,30,59,NoBug
008d439437affbae40d70282d6114384c0f813cc,framework/oryx-lambda/src/main/java/com/cloudera/oryx/lambda/speed/SpeedLayer.java,10,0,1,4,160,214,NoBug
fddb336ac30ea3fb0bde91c61ef043f523d7d9fe,app/oryx-app-mllib/src/test/java/com/cloudera/oryx/app/batch/mllib/als/ALSModelContentIT.java,4,0,0,2,68,103,NoBug
d16f89b25fc5e12f94af6432274c66e0394c1743,app/oryx-app-serving/src/main/java/com/cloudera/oryx/app/serving/kmeans/Console.java,1,0,1,0,10,32,NoBug
d16f89b25fc5e12f94af6432274c66e0394c1743,app/oryx-app-mllib/src/main/java/com/cloudera/oryx/app/batch/mllib/als/EnqueueFeatureVecsAndKnownItemsFn.java,1,0,0,0,26,50,NoBug
0e536a808244ffd416c047e7c365d4f055ea1b8a,framework/oryx-lambda/src/test/java/com/cloudera/oryx/lambda/AbstractSparkIT.java,2,0,0,3,24,47,NoBug
d5aabb60294a199106ef016e4f06bbad9239ecc1,app/oryx-app-mllib/src/main/java/com/cloudera/oryx/app/batch/mllib/als/ALSUpdate.java,23,0,1,5,427,550,Bag
92bff167832b0389e135a60e46f1284c34744e3c,app/oryx-app-serving/src/main/java/com/cloudera/oryx/app/serving/als/Preference.java,5,0,1,2,53,85,NoBug
e0b8eb77d5771ae8f13d00fd85fa143144cb8f42,app/oryx-app-serving/src/main/java/com/cloudera/oryx/app/serving/kmeans/model/KMeansServingModelManager.java,6,0,2,2,62,104,NoBug
eb08674e77479787fa9288f2c824e48af8539ff2,oryx-app-serving/src/main/java/com/cloudera/oryx/app/serving/als/model/ALSServingModelManager.java,12,0,0,5,102,142,NoBug
b004d50468963f3cef8e1ba1a319035ba8e17381,app/oryx-app-mllib/src/test/java/com/cloudera/oryx/app/batch/mllib/rdf/RDFCategoricalHyperParamTuningIT.java,6,0,0,2,85,120,NoBug
d6687d2eb4391d042aa1d5e80653326e501b0fed,app/oryx-app-mllib/src/test/java/com/cloudera/oryx/app/batch/mllib/als/ALSHyperParamTuningIT.java,1,0,0,2,65,96,Bag
eff199ff1f6cad1b4ff13829dfb29ff4884d4c31,app/oryx-app-mllib/src/test/java/com/cloudera/oryx/app/batch/mllib/kmeans/KMeansEvalIT.java,1,0,0,6,69,99,NoBug
efcdff4c4e8f2827aae55879bbb778cd0f7dd99c,oryx-lambda/src/test/java/com/cloudera/oryx/lambda/MockBatchUpdate.java,2,0,1,1,30,58,NoBug
fddb336ac30ea3fb0bde91c61ef043f523d7d9fe,framework/oryx-lambda/src/test/java/com/cloudera/oryx/lambda/AbstractLambdaIT.java,3,0,1,2,82,117,NoBug
d6687d2eb4391d042aa1d5e80653326e501b0fed,app/oryx-app/src/test/java/com/cloudera/oryx/app/speed/rdf/MockRDFClassificationInputGenerator.java,3,0,0,2,13,35,Bag
d16f89b25fc5e12f94af6432274c66e0394c1743,app/oryx-app-serving/src/main/java/com/cloudera/oryx/app/serving/kmeans/Add.java,3,0,1,3,48,79,NoBug
0e536a808244ffd416c047e7c365d4f055ea1b8a,app/oryx-app-mllib/src/main/java/com/cloudera/oryx/app/batch/mllib/rdf/RDFUpdate.java,43,0,1,4,501,619,NoBug
d6687d2eb4391d042aa1d5e80653326e501b0fed,app/oryx-app-serving/src/main/java/com/cloudera/oryx/app/serving/rdf/Train.java,3,0,1,3,50,81,Bag
d6687d2eb4391d042aa1d5e80653326e501b0fed,app/oryx-app-mllib/src/test/java/com/cloudera/oryx/app/batch/mllib/rdf/RDFCategoricalHyperParamTuningIT.java,6,0,0,2,84,119,Bag
fddb336ac30ea3fb0bde91c61ef043f523d7d9fe,framework/oryx-api/src/main/java/com/cloudera/oryx/api/serving/ServingModelManager.java,1,0,3,1,11,52,NoBug
8a1a39f9422c6139c5b5aabb76bbfde45b32d272,oryx-app/src/test/java/com/cloudera/oryx/app/speed/als/MockALSInputGenerator.java,2,0,0,2,17,38,NoBug
fb42815a896689463ed02f27a49d9145ca239fe7,app/oryx-app-serving/src/main/java/com/cloudera/oryx/app/serving/als/EstimateForAnonymous.java,6,0,1,1,70,114,NoBug
92bff167832b0389e135a60e46f1284c34744e3c,app/oryx-app-serving/src/main/java/com/cloudera/oryx/app/serving/als/model/ALSServingModelManager.java,13,0,1,5,107,148,NoBug
92bff167832b0389e135a60e46f1284c34744e3c,app/oryx-app-serving/src/main/java/com/cloudera/oryx/app/serving/kmeans/model/KMeansServingModelManager.java,6,0,2,4,72,117,NoBug
d16f89b25fc5e12f94af6432274c66e0394c1743,app/oryx-app-serving/src/main/java/com/cloudera/oryx/app/serving/rdf/ClassificationDistribution.java,3,0,1,1,40,76,NoBug
d16f89b25fc5e12f94af6432274c66e0394c1743,app/oryx-app-serving/src/test/java/com/cloudera/oryx/app/serving/als/model/ALSServingInputProducerIT.java,3,0,0,2,57,92,NoBug
a0cb47169e7c448225f956d45fea5466e6c2a1ae,framework/oryx-lambda/src/main/java/com/cloudera/oryx/lambda/batch/BatchLayer.java,9,0,1,4,130,181,NoBug
eff199ff1f6cad1b4ff13829dfb29ff4884d4c31,app/oryx-app-mllib/src/main/java/com/cloudera/oryx/app/batch/mllib/kmeans/SilhouetteCoefficient.java,15,0,0,0,125,181,NoBug
efcdff4c4e8f2827aae55879bbb778cd0f7dd99c,oryx-common/src/test/java/com/cloudera/oryx/common/settings/ConfigUtilsTest.java,1,0,1,6,51,82,NoBug
df27388cd4a3029d67283e23ecdd70b83fa4bd9b,app/oryx-app/src/main/java/com/cloudera/oryx/app/speed/kmeans/KMeansSpeedModel.java,4,0,1,6,43,74,NoBug
d6687d2eb4391d042aa1d5e80653326e501b0fed,app/oryx-app-serving/src/test/java/com/cloudera/oryx/app/serving/als/IngestTest.java,2,0,0,7,69,99,Bag
a0cb47169e7c448225f956d45fea5466e6c2a1ae,app/oryx-app-mllib/src/main/java/com/cloudera/oryx/app/batch/mllib/als/ALSUpdate.java,13,0,1,6,315,506,NoBug
d6687d2eb4391d042aa1d5e80653326e501b0fed,app/oryx-app/src/test/java/com/cloudera/oryx/app/speed/kmeans/KMeansSpeedIT.java,4,0,0,2,77,116,Bag
eff199ff1f6cad1b4ff13829dfb29ff4884d4c31,app/oryx-app-mllib/src/main/java/com/cloudera/oryx/app/batch/mllib/kmeans/AbstractKMeansEvaluation.java,4,0,0,0,63,94,NoBug
fddb336ac30ea3fb0bde91c61ef043f523d7d9fe,framework/oryx-lambda-serving/src/main/java/com/cloudera/oryx/lambda/serving/ScalaServingModelManagerAdapter.java,1,0,1,4,26,57,NoBug
92bff167832b0389e135a60e46f1284c34744e3c,framework/oryx-lambda-serving/src/test/java/com/cloudera/oryx/lambda/serving/AbstractServingTest.java,7,0,0,6,151,191,NoBug
d16f89b25fc5e12f94af6432274c66e0394c1743,app/oryx-app-serving/src/main/java/com/cloudera/oryx/app/serving/als/MostPopularItems.java,3,0,1,1,72,110,NoBug
0a8756ea6c6cc91b5887bf9c46a69cd9c9546cde,framework/oryx-lambda/src/main/java/com/cloudera/oryx/lambda/batch/BatchUpdateFunction.java,9,0,0,0,123,174,NoBug
df27388cd4a3029d67283e23ecdd70b83fa4bd9b,app/oryx-app-serving/src/main/java/com/cloudera/oryx/app/serving/kmeans/model/KMeansServingModel.java,4,0,1,6,53,86,NoBug
eb08674e77479787fa9288f2c824e48af8539ff2,oryx-app-serving/src/main/java/com/cloudera/oryx/app/serving/kmeans/DistanceToNearest.java,2,0,1,1,20,48,NoBug
66c74821b0219328955c47fac225166c40655fb5,oryx-app-serving/src/test/java/com/cloudera/oryx/app/serving/kmeans/model/KMeansServingModelManagerIT.java,1,0,0,2,48,79,Bag
0e536a808244ffd416c047e7c365d4f055ea1b8a,app/oryx-app-common/src/test/java/com/cloudera/oryx/app/rdf/predict/CategoricalPredictionTest.java,1,0,1,7,68,99,NoBug
92bff167832b0389e135a60e46f1284c34744e3c,app/oryx-app-serving/src/main/java/com/cloudera/oryx/app/serving/AbstractOryxResource.java,9,0,1,0,103,148,NoBug
eb08674e77479787fa9288f2c824e48af8539ff2,oryx-common/src/test/java/com/cloudera/oryx/common/text/TextUtilsTest.java,1,0,1,9,72,106,NoBug
d16f89b25fc5e12f94af6432274c66e0394c1743,app/oryx-app-serving/src/main/java/com/cloudera/oryx/app/serving/als/Because.java,1,0,1,1,60,99,NoBug
66c74821b0219328955c47fac225166c40655fb5,oryx-app-serving/src/test/java/com/cloudera/oryx/app/serving/als/model/ALSServingInputProducerIT.java,3,0,0,2,57,92,Bag
9e84e8c96615104177a505a0ee9784af8d0d8d12,app/oryx-app-serving/src/main/java/com/cloudera/oryx/app/serving/als/model/ALSServingModel.java,39,0,8,9,365,514,Bag
ceb8f91d84d2bc2e6ad109938f110e96381cf3db,oryx-ml-oryx-serving/src/main/java/com/cloudera/oryx/ml/serving/als/DotsFunction.java,2,0,0,0,22,46,NoBug
fddb336ac30ea3fb0bde91c61ef043f523d7d9fe,framework/oryx-api/src/main/java/com/cloudera/oryx/api/speed/SpeedModelManager.java,1,0,3,1,12,58,NoBug
eb08674e77479787fa9288f2c824e48af8539ff2,oryx-app-mllib/src/test/java/com/cloudera/oryx/app/mllib/rdf/RandomCategoricalRDFDataGenerator.java,3,0,0,0,30,60,NoBug
d16f89b25fc5e12f94af6432274c66e0394c1743,app/oryx-app-serving/src/main/java/com/cloudera/oryx/app/serving/rdf/Console.java,1,0,1,0,10,32,NoBug
e0b8eb77d5771ae8f13d00fd85fa143144cb8f42,app/oryx-app/src/main/java/com/cloudera/oryx/app/speed/als/ALSSpeedModelManager.java,19,0,1,3,137,226,NoBug
d16f89b25fc5e12f94af6432274c66e0394c1743,framework/oryx-lambda/src/main/java/com/cloudera/oryx/lambda/speed/SpeedLayerUpdate.java,4,0,1,2,38,71,NoBug
fb42815a896689463ed02f27a49d9145ca239fe7,app/oryx-app/src/main/java/com/cloudera/oryx/app/speed/als/ALSSpeedModelManager.java,26,0,1,4,201,271,NoBug
04da21733e0224fcb0325ffe6761e51c68c1ac4c,oryx-common/src/test/java/com/cloudera/oryx/common/settings/ConfigUtilsTest.java,1,0,1,7,56,88,NoBug
eb08674e77479787fa9288f2c824e48af8539ff2,oryx-app-serving/src/main/java/com/cloudera/oryx/app/serving/rdf/ClassificationDistribution.java,3,0,1,1,40,76,NoBug
eff199ff1f6cad1b4ff13829dfb29ff4884d4c31,app/oryx-app-mllib/src/main/java/com/cloudera/oryx/app/batch/mllib/kmeans/DunnIndex.java,6,0,0,0,44,79,NoBug
d74573da4b2b89e7fd33199f0c4f90fb9df26833,app/oryx-app-serving/src/main/java/com/cloudera/oryx/app/serving/kmeans/AbstractKMeansResource.java,4,0,1,1,36,64,NoBug
eb08674e77479787fa9288f2c824e48af8539ff2,oryx-app-serving/src/main/java/com/cloudera/oryx/app/serving/als/Ingest.java,7,0,1,2,71,122,NoBug
58153f886aa4d625048774f3570def750710bec1,oryx-app-mllib/src/main/java/com/cloudera/oryx/app/mllib/kmeans/KMeansUpdate.java,6,0,3,2,149,217,Bag
92bff167832b0389e135a60e46f1284c34744e3c,framework/oryx-lambda-serving/src/main/java/com/cloudera/oryx/lambda/serving/ScalaServingModelManagerAdapter.java,1,0,1,5,32,64,NoBug
eff199ff1f6cad1b4ff13829dfb29ff4884d4c31,app/oryx-app/src/main/java/com/cloudera/oryx/app/speed/kmeans/KMeansSpeedModel.java,1,0,1,6,34,64,NoBug
fddb336ac30ea3fb0bde91c61ef043f523d7d9fe,framework/kafka-util/src/test/java/com/cloudera/oryx/kafka/util/ConsumeData.java,2,0,1,3,36,66,NoBug
d16f89b25fc5e12f94af6432274c66e0394c1743,app/oryx-app-serving/src/main/java/com/cloudera/oryx/app/serving/kmeans/Assign.java,4,0,1,3,64,99,NoBug
d6687d2eb4391d042aa1d5e80653326e501b0fed,framework/kafka-util/src/test/java/com/cloudera/oryx/kafka/util/ProduceData.java,3,0,1,3,79,111,Bag
9116a5ada9a110bd788ea7d980eae7c307c262ba,app/oryx-app-serving/src/main/java/com/cloudera/oryx/app/serving/als/CosineAverageFunction.java,5,0,1,4,36,64,NoBug
eb36daaf73ce1e658c78fd6993685351fbd7c580,app/oryx-app-serving/src/main/java/com/cloudera/oryx/app/serving/als/Because.java,1,0,1,1,62,101,NoBug
4c9482b0876e9aec773c57558b0486f3b717c760,framework/oryx-lambda/src/test/java/com/cloudera/oryx/lambda/batch/ValueWritableConverterTest.java,1,0,0,4,26,49,NoBug
9116a5ada9a110bd788ea7d980eae7c307c262ba,framework/oryx-common/src/test/java/com/cloudera/oryx/common/math/VectorMathTest.java,3,0,1,7,68,99,NoBug
b004d50468963f3cef8e1ba1a319035ba8e17381,framework/oryx-ml/src/main/java/com/cloudera/oryx/ml/MLUpdate.java,30,0,5,1,265,378,NoBug
d16f89b25fc5e12f94af6432274c66e0394c1743,framework/oryx-api/src/main/java/com/cloudera/oryx/api/TopicProducer.java,1,0,3,1,8,45,NoBug
fddb336ac30ea3fb0bde91c61ef043f523d7d9fe,app/oryx-app-common/src/main/java/com/cloudera/oryx/app/pmml/AppPMMLUtils.java,30,0,10,3,173,265,NoBug
d6687d2eb4391d042aa1d5e80653326e501b0fed,framework/kafka-util/src/main/java/com/cloudera/oryx/kafka/util/KafkaUtils.java,8,0,6,0,100,157,Bag
66c74821b0219328955c47fac225166c40655fb5,oryx-app-serving/src/test/java/com/cloudera/oryx/app/serving/als/model/ALSServingModelManagerIT.java,4,0,0,2,52,85,Bag
4c9482b0876e9aec773c57558b0486f3b717c760,framework/oryx-lambda/src/test/java/com/cloudera/oryx/lambda/batch/ValueToWritableFunctionTest.java,1,0,0,2,19,39,NoBug
fddb336ac30ea3fb0bde91c61ef043f523d7d9fe,framework/oryx-lambda/src/test/java/com/cloudera/oryx/lambda/speed/MockSpeedModelManager.java,2,0,0,4,28,55,NoBug
fb42815a896689463ed02f27a49d9145ca239fe7,app/oryx-app/src/main/java/com/cloudera/oryx/app/speed/als/ALSSpeedModel.java,2,0,1,11,96,142,NoBug
58153f886aa4d625048774f3570def750710bec1,oryx-ml/src/main/java/com/cloudera/oryx/ml/MLUpdate.java,30,0,5,1,261,370,Bag
0e536a808244ffd416c047e7c365d4f055ea1b8a,app/oryx-app-mllib/src/test/java/com/cloudera/oryx/app/batch/mllib/AbstractAppMLlibIT.java,11,0,1,0,93,123,NoBug
5dee3554c81652b743b1f73ae3dfb0fdc1fe9943,oryx-ml-oryx-serving/src/main/java/com/cloudera/oryx/ml/serving/als/model/ALSServingModel.java,31,0,1,11,337,403,Bag
66c74821b0219328955c47fac225166c40655fb5,oryx-common/src/test/java/com/cloudera/oryx/common/OryxTest.java,5,0,2,2,59,108,Bag
d74573da4b2b89e7fd33199f0c4f90fb9df26833,app/oryx-app-serving/src/main/java/com/cloudera/oryx/app/serving/AbstractOryxResource.java,9,0,1,0,101,146,NoBug
9116a5ada9a110bd788ea7d980eae7c307c262ba,app/oryx-app-serving/src/test/java/com/cloudera/oryx/app/serving/als/SimilarityTest.java,1,0,0,9,57,85,NoBug
d16f89b25fc5e12f94af6432274c66e0394c1743,app/oryx-app-mllib/src/main/java/com/cloudera/oryx/app/batch/mllib/als/EnqueueFeatureVecsFn.java,1,0,0,0,20,44,NoBug
fddb336ac30ea3fb0bde91c61ef043f523d7d9fe,app/oryx-app-serving/src/main/java/com/cloudera/oryx/app/serving/kmeans/model/KMeansServingModelManager.java,6,0,2,3,67,111,NoBug
e51380a7c4ca62fb52fbf40e8086d2105a69f623,app/oryx-app-mllib/src/test/java/com/cloudera/oryx/app/batch/mllib/als/ALSUpdateIT.java,14,0,0,2,147,203,Bag
d6687d2eb4391d042aa1d5e80653326e501b0fed,app/oryx-app-serving/src/main/java/com/cloudera/oryx/app/serving/als/Ingest.java,7,0,1,2,73,124,Bag
eb08674e77479787fa9288f2c824e48af8539ff2,oryx-app-serving/src/main/java/com/cloudera/oryx/app/serving/kmeans/Assign.java,4,0,1,3,64,99,NoBug
d6687d2eb4391d042aa1d5e80653326e501b0fed,framework/oryx-lambda/src/test/java/com/cloudera/oryx/lambda/speed/SpeedLayerIT.java,5,0,1,1,47,80,Bag
0e536a808244ffd416c047e7c365d4f055ea1b8a,framework/oryx-lambda/src/test/java/com/cloudera/oryx/lambda/batch/ValueWritableConverterTest.java,1,0,0,3,21,43,NoBug
df27388cd4a3029d67283e23ecdd70b83fa4bd9b,app/oryx-app-serving/src/test/java/com/cloudera/oryx/app/serving/kmeans/model/TestKMeansModelFactory.java,1,0,0,2,25,50,NoBug
d16f89b25fc5e12f94af6432274c66e0394c1743,app/oryx-app-serving/src/main/java/com/cloudera/oryx/app/serving/als/Ready.java,1,0,1,2,18,46,NoBug
df27388cd4a3029d67283e23ecdd70b83fa4bd9b,app/oryx-app/src/main/java/com/cloudera/oryx/app/speed/kmeans/KMeansSpeedModelManager.java,12,0,1,4,122,169,NoBug
d16f89b25fc5e12f94af6432274c66e0394c1743,app/oryx-app-serving/src/main/java/com/cloudera/oryx/app/serving/als/Similarity.java,4,0,1,1,64,107,NoBug
df27388cd4a3029d67283e23ecdd70b83fa4bd9b,app/oryx-app-serving/src/test/java/com/cloudera/oryx/app/serving/als/AbstractALSServingTest.java,9,0,0,3,127,161,NoBug
ceb8f91d84d2bc2e6ad109938f110e96381cf3db,oryx-common/src/test/java/com/cloudera/oryx/common/math/VectorMathTest.java,3,0,1,10,69,103,NoBug
d16f89b25fc5e12f94af6432274c66e0394c1743,app/oryx-app-serving/src/main/java/com/cloudera/oryx/app/serving/als/KnownItems.java,2,0,1,1,27,54,NoBug
d16f89b25fc5e12f94af6432274c66e0394c1743,app/oryx-app-serving/src/main/java/com/cloudera/oryx/app/serving/als/Ingest.java,7,0,1,2,71,122,NoBug
eb08674e77479787fa9288f2c824e48af8539ff2,oryx-app-common/src/main/java/com/cloudera/oryx/app/common/fn/MLFunctions.java,5,0,1,1,49,89,NoBug
fddb336ac30ea3fb0bde91c61ef043f523d7d9fe,framework/oryx-lambda/src/main/java/com/cloudera/oryx/lambda/speed/ScalaSpeedModelManagerAdapter.java,1,0,1,4,27,60,NoBug
d6687d2eb4391d042aa1d5e80653326e501b0fed,framework/oryx-api/src/main/java/com/cloudera/oryx/api/TopicProducer.java,1,0,5,1,10,55,Bag
0e536a808244ffd416c047e7c365d4f055ea1b8a,app/oryx-app-mllib/src/test/java/com/cloudera/oryx/app/batch/mllib/als/ALSUpdateIT.java,14,0,0,2,147,203,NoBug
0e536a808244ffd416c047e7c365d4f055ea1b8a,app/oryx-app-common/src/main/java/com/cloudera/oryx/app/rdf/predict/CategoricalPrediction.java,7,0,2,10,95,139,NoBug
0a8756ea6c6cc91b5887bf9c46a69cd9c9546cde,framework/oryx-lambda/src/main/java/com/cloudera/oryx/lambda/DeleteOldDataFn.java,2,0,1,2,40,78,NoBug
d16f89b25fc5e12f94af6432274c66e0394c1743,app/oryx-app-serving/src/main/java/com/cloudera/oryx/app/serving/als/Estimate.java,4,0,1,1,39,75,NoBug
e51380a7c4ca62fb52fbf40e8086d2105a69f623,app/oryx-app-mllib/src/test/java/com/cloudera/oryx/app/batch/mllib/AbstractAppMLlibIT.java,11,0,1,0,93,123,Bag
0a8756ea6c6cc91b5887bf9c46a69cd9c9546cde,app/oryx-app-common/src/main/java/com/cloudera/oryx/app/pmml/AppPMMLUtils.java,25,0,10,4,186,285,NoBug
d16f89b25fc5e12f94af6432274c66e0394c1743,app/oryx-app-serving/src/main/java/com/cloudera/oryx/app/serving/als/SimilarityToItem.java,4,0,1,1,41,72,NoBug
0e536a808244ffd416c047e7c365d4f055ea1b8a,app/oryx-app-common/src/main/java/com/cloudera/oryx/app/rdf/RDFPMMLUtils.java,21,0,3,0,217,282,NoBug
92bff167832b0389e135a60e46f1284c34744e3c,framework/oryx-api/src/main/java/com/cloudera/oryx/api/serving/ServingModelManager.java,1,0,4,1,14,61,NoBug
eb08674e77479787fa9288f2c824e48af8539ff2,oryx-app-common/src/test/java/com/cloudera/oryx/app/pmml/AppPMMLUtilsTest.java,5,0,0,10,165,204,NoBug
d16f89b25fc5e12f94af6432274c66e0394c1743,app/oryx-app-serving/src/main/java/com/cloudera/oryx/app/serving/als/AllUserIDs.java,1,0,1,1,17,43,NoBug
eff199ff1f6cad1b4ff13829dfb29ff4884d4c31,app/oryx-app-serving/src/main/java/com/cloudera/oryx/app/serving/kmeans/model/KMeansServingModel.java,1,0,1,7,47,80,NoBug
fddb336ac30ea3fb0bde91c61ef043f523d7d9fe,framework/oryx-ml/src/main/java/com/cloudera/oryx/ml/MLUpdate.java,33,0,5,1,276,392,NoBug
04da21733e0224fcb0325ffe6761e51c68c1ac4c,oryx-common/src/main/java/com/cloudera/oryx/common/settings/ConfigUtils.java,5,0,9,0,55,133,NoBug
66c74821b0219328955c47fac225166c40655fb5,oryx-lambda/src/test/java/com/cloudera/oryx/lambda/speed/AbstractSpeedIT.java,1,0,0,1,71,111,Bag
cd8d4fed685a312cde10a2f090221aa23867e2c9,framework/oryx-common/src/main/java/com/cloudera/oryx/common/lang/JVMUtils.java,3,0,3,0,33,69,NoBug
eff199ff1f6cad1b4ff13829dfb29ff4884d4c31,app/oryx-app-serving/src/test/java/com/cloudera/oryx/app/serving/kmeans/DistanceToNearestTest.java,1,0,0,3,18,41,NoBug
a5dc2b87597001cbb938d89ea7160d6e303d2505,framework/oryx-lambda-serving/src/test/java/com/cloudera/oryx/lambda/serving/ErrorResourceTest.java,1,0,0,2,23,45,NoBug
efcdff4c4e8f2827aae55879bbb778cd0f7dd99c,oryx-lambda/src/main/java/com/cloudera/oryx/lambda/speed/SpeedLayer.java,11,0,1,4,230,284,NoBug
d16f89b25fc5e12f94af6432274c66e0394c1743,app/oryx-app-serving/src/main/java/com/cloudera/oryx/app/serving/als/AllItemIDs.java,1,0,1,1,17,42,NoBug
d16f89b25fc5e12f94af6432274c66e0394c1743,framework/oryx-lambda/src/main/java/com/cloudera/oryx/lambda/batch/BatchUpdateFunction.java,6,0,0,0,107,156,NoBug
efcdff4c4e8f2827aae55879bbb778cd0f7dd99c,oryx-api/src/main/java/com/cloudera/oryx/lambda/BatchLayerUpdate.java,1,0,2,0,14,56,NoBug
66c74821b0219328955c47fac225166c40655fb5,oryx-app-serving/src/test/java/com/cloudera/oryx/app/serving/rdf/model/RDFServingModelManagerIT.java,1,0,0,2,71,108,Bag
d16f89b25fc5e12f94af6432274c66e0394c1743,app/oryx-app-serving/src/main/java/com/cloudera/oryx/app/serving/als/MostSurprising.java,1,0,1,1,54,95,NoBug
008d439437affbae40d70282d6114384c0f813cc,framework/kafka-util/src/main/java/com/cloudera/oryx/kafka/util/KafkaUtils.java,8,0,5,0,97,148,NoBug
df27388cd4a3029d67283e23ecdd70b83fa4bd9b,app/oryx-app-serving/src/test/java/com/cloudera/oryx/app/serving/als/MostActiveUsersTest.java,3,0,0,4,36,60,NoBug
58153f886aa4d625048774f3570def750710bec1,oryx-lambda/src/main/java/com/cloudera/oryx/lambda/speed/SpeedLayerUpdate.java,3,0,1,2,36,65,Bag
d16f89b25fc5e12f94af6432274c66e0394c1743,app/oryx-app-serving/src/main/java/com/cloudera/oryx/app/serving/als/EstimateForAnonymous.java,6,0,1,1,68,112,NoBug
e51380a7c4ca62fb52fbf40e8086d2105a69f623,app/oryx-app-mllib/src/test/java/com/cloudera/oryx/app/batch/mllib/rdf/RDFUpdateIT.java,10,0,0,2,141,187,Bag
0e536a808244ffd416c047e7c365d4f055ea1b8a,framework/oryx-lambda/src/main/java/com/cloudera/oryx/lambda/AbstractSparkLayer.java,11,0,2,1,220,303,Bag
a5dc2b87597001cbb938d89ea7160d6e303d2505,framework/oryx-lambda-serving/src/main/java/com/cloudera/oryx/lambda/serving/ErrorResource.java,6,0,1,1,56,87,NoBug
9e84e8c96615104177a505a0ee9784af8d0d8d12,framework/oryx-common/src/test/java/com/cloudera/oryx/common/math/LinearSystemSolverTest.java,2,0,0,6,65,90,Bag
fddb336ac30ea3fb0bde91c61ef043f523d7d9fe,framework/kafka-util/src/test/java/com/cloudera/oryx/kafka/util/LargeMessageIT.java,3,0,0,2,66,100,NoBug
eb08674e77479787fa9288f2c824e48af8539ff2,oryx-app-mllib/src/test/java/com/cloudera/oryx/app/mllib/kmeans/RandomKMeansDataGenerator.java,2,0,0,0,22,45,NoBug
d6687d2eb4391d042aa1d5e80653326e501b0fed,app/oryx-app-serving/src/main/java/com/cloudera/oryx/app/serving/kmeans/Add.java,3,0,1,3,50,81,Bag
fddb336ac30ea3fb0bde91c61ef043f523d7d9fe,app/oryx-app-mllib/src/test/java/com/cloudera/oryx/app/batch/mllib/als/ALSUpdateIT.java,14,0,0,2,149,206,NoBug
eff199ff1f6cad1b4ff13829dfb29ff4884d4c31,app/oryx-app-mllib/src/main/java/com/cloudera/oryx/app/batch/mllib/kmeans/KMeansUpdate.java,12,0,4,1,183,258,NoBug
d16f89b25fc5e12f94af6432274c66e0394c1743,app/oryx-app-serving/src/main/java/com/cloudera/oryx/app/serving/als/Console.java,1,0,1,0,10,32,NoBug
d16f89b25fc5e12f94af6432274c66e0394c1743,framework/oryx-lambda/src/main/java/com/cloudera/oryx/lambda/speed/SpeedLayer.java,10,0,1,4,163,217,NoBug
e0b8eb77d5771ae8f13d00fd85fa143144cb8f42,app/oryx-app-serving/src/main/java/com/cloudera/oryx/app/serving/rdf/model/RDFServingModelManager.java,7,0,2,2,84,129,NoBug
d74573da4b2b89e7fd33199f0c4f90fb9df26833,app/oryx-app-serving/src/main/java/com/cloudera/oryx/app/serving/rdf/AbstractRDFResource.java,8,0,1,1,54,83,NoBug
d16f89b25fc5e12f94af6432274c66e0394c1743,app/oryx-app-serving/src/main/java/com/cloudera/oryx/app/serving/kmeans/DistanceToNearest.java,2,0,1,1,20,48,NoBug
fddb336ac30ea3fb0bde91c61ef043f523d7d9fe,app/oryx-app/src/main/java/com/cloudera/oryx/app/speed/als/ALSSpeedModelManager.java,22,0,1,4,192,264,NoBug
d16f89b25fc5e12f94af6432274c66e0394c1743,framework/oryx-common/src/test/java/com/cloudera/oryx/common/settings/ConfigUtilsTest.java,1,0,1,8,70,103,NoBug
eb08674e77479787fa9288f2c824e48af8539ff2,oryx-app-mllib/src/test/java/com/cloudera/oryx/app/mllib/als/AbstractALSIT.java,2,0,0,1,16,37,NoBug
d6687d2eb4391d042aa1d5e80653326e501b0fed,app/oryx-app-mllib/src/test/java/com/cloudera/oryx/app/batch/mllib/als/ALSModelContentIT.java,4,0,0,2,69,104,Bag
eb36daaf73ce1e658c78fd6993685351fbd7c580,app/oryx-app-serving/src/main/java/com/cloudera/oryx/app/serving/als/MostSurprising.java,1,0,1,1,56,97,NoBug
d74573da4b2b89e7fd33199f0c4f90fb9df26833,app/oryx-app-serving/src/main/java/com/cloudera/oryx/app/serving/als/AbstractALSResource.java,3,0,1,1,64,95,NoBug
df27388cd4a3029d67283e23ecdd70b83fa4bd9b,app/oryx-app-serving/src/main/java/com/cloudera/oryx/app/serving/kmeans/AbstractKMeansResource.java,4,0,1,0,29,55,NoBug
aed5c73de7645c46f9fc3da32ea8c14fffe18e50,app/oryx-app/src/main/java/com/cloudera/oryx/app/speed/als/ALSSpeedModelManager.java,17,0,1,3,131,218,NoBug
fddb336ac30ea3fb0bde91c61ef043f523d7d9fe,framework/oryx-lambda/src/main/java/com/cloudera/oryx/lambda/speed/SpeedLayer.java,10,0,1,4,161,216,NoBug
eb08674e77479787fa9288f2c824e48af8539ff2,oryx-app/src/main/java/com/cloudera/oryx/app/speed/als/ALSSpeedModelManager.java,22,0,0,5,190,259,NoBug
c766a75f0a21dd2466533971b3d846376cd9dc6f,app/oryx-app/src/test/java/com/cloudera/oryx/app/speed/rdf/RDFSpeedIT.java,20,0,0,3,155,205,NoBug
d16f89b25fc5e12f94af6432274c66e0394c1743,framework/zk-util/src/main/java/com/cloudera/oryx/zk/LocalZKServer.java,9,0,5,2,105,166,NoBug
ceb8f91d84d2bc2e6ad109938f110e96381cf3db,oryx-common/src/main/java/com/cloudera/oryx/common/math/VectorMath.java,14,0,7,0,69,127,NoBug
fddb336ac30ea3fb0bde91c61ef043f523d7d9fe,app/oryx-app-mllib/src/test/java/com/cloudera/oryx/app/batch/mllib/kmeans/KMeansUpdateIT.java,4,0,0,2,75,116,NoBug
d6687d2eb4391d042aa1d5e80653326e501b0fed,framework/oryx-lambda-serving/src/test/java/com/cloudera/oryx/lambda/serving/MockTopicProducer.java,1,0,0,7,30,58,Bag
eb08674e77479787fa9288f2c824e48af8539ff2,oryx-app-common/src/main/java/com/cloudera/oryx/app/pmml/AppPMMLUtils.java,31,0,7,7,186,261,NoBug
efcdff4c4e8f2827aae55879bbb778cd0f7dd99c,oryx-lambda/src/main/java/com/cloudera/oryx/lambda/BatchLayer.java,8,0,1,4,201,256,NoBug
fddb336ac30ea3fb0bde91c61ef043f523d7d9fe,app/oryx-app-mllib/src/main/java/com/cloudera/oryx/app/batch/mllib/als/ALSUpdate.java,23,0,1,5,427,550,NoBug
83ebf95d0abaa09f8a1d741b48385257d2dc242b,oryx-lambda/src/main/java/com/cloudera/oryx/lambda/BatchLayer.java,10,0,1,4,219,286,Bag
eb08674e77479787fa9288f2c824e48af8539ff2,oryx-app-serving/src/main/java/com/cloudera/oryx/app/serving/rdf/Predict.java,5,0,1,3,84,122,NoBug
d6687d2eb4391d042aa1d5e80653326e501b0fed,app/oryx-app-mllib/src/test/java/com/cloudera/oryx/app/batch/mllib/als/ALSUpdateIT.java,14,0,0,2,150,207,Bag
e0b8eb77d5771ae8f13d00fd85fa143144cb8f42,app/oryx-app-common/src/test/java/com/cloudera/oryx/app/pmml/AppPMMLUtilsTest.java,5,0,0,10,172,214,NoBug
0e536a808244ffd416c047e7c365d4f055ea1b8a,framework/oryx-common/src/test/java/com/cloudera/oryx/common/io/IOUtilsTest.java,3,0,1,9,111,155,NoBug
2df9018e62ab1fa9d76c533e6f041279aeda56c0,oryx-app/src/test/java/com/cloudera/oryx/app/speed/kmeans/KMeansSpeedIT.java,3,0,0,2,68,105,Bag
9e84e8c96615104177a505a0ee9784af8d0d8d12,app/oryx-app/src/main/java/com/cloudera/oryx/app/speed/als/ALSSpeedModel.java,3,0,1,10,100,153,Bag
eff199ff1f6cad1b4ff13829dfb29ff4884d4c31,app/oryx-app-mllib/src/main/java/com/cloudera/oryx/app/batch/mllib/kmeans/DaviesBouldinIndex.java,5,0,0,0,47,86,NoBug
9e84e8c96615104177a505a0ee9784af8d0d8d12,framework/oryx-common/src/main/java/com/cloudera/oryx/common/math/LinearSystemSolver.java,3,0,1,2,34,64,Bag
66c74821b0219328955c47fac225166c40655fb5,kafka-util/src/test/java/com/cloudera/oryx/kafka/util/ProduceConsumeIT.java,3,0,1,1,53,92,Bag
fddb336ac30ea3fb0bde91c61ef043f523d7d9fe,framework/oryx-common/src/main/java/com/cloudera/oryx/common/pmml/PMMLUtils.java,4,0,8,0,66,133,NoBug
d6687d2eb4391d042aa1d5e80653326e501b0fed,framework/kafka-util/src/test/java/com/cloudera/oryx/kafka/util/LargeMessageIT.java,3,0,0,2,67,101,Bag
d16f89b25fc5e12f94af6432274c66e0394c1743,framework/oryx-common/src/main/java/com/cloudera/oryx/common/settings/ConfigUtils.java,5,0,9,0,62,141,NoBug
982cafdf7cb43bde8f4260efd705860b2264acb0,framework/kafka-util/src/main/java/com/cloudera/oryx/kafka/util/KafkaUtils.java,8,0,5,0,97,148,Bag
cd8d4fed685a312cde10a2f090221aa23867e2c9,deploy/oryx-speed/src/main/java/com/cloudera/oryx/speed/Main.java,1,0,1,1,15,40,NoBug
eff199ff1f6cad1b4ff13829dfb29ff4884d4c31,app/oryx-app-serving/src/main/java/com/cloudera/oryx/app/serving/kmeans/DistanceToNearest.java,2,0,1,1,22,50,NoBug
aed5c73de7645c46f9fc3da32ea8c14fffe18e50,app/oryx-app/src/test/java/com/cloudera/oryx/app/speed/als/ALSSpeedIT.java,7,0,0,2,79,118,NoBug
fddb336ac30ea3fb0bde91c61ef043f523d7d9fe,app/oryx-app/src/main/java/com/cloudera/oryx/app/speed/rdf/RDFSpeedModelManager.java,12,0,1,4,147,194,NoBug
d6687d2eb4391d042aa1d5e80653326e501b0fed,app/oryx-app-serving/src/main/java/com/cloudera/oryx/app/serving/als/Preference.java,5,0,1,2,53,85,Bag
0e536a808244ffd416c047e7c365d4f055ea1b8a,framework/oryx-common/src/test/java/com/cloudera/oryx/common/OryxTest.java,8,0,3,8,93,150,NoBug
4c9482b0876e9aec773c57558b0486f3b717c760,framework/oryx-lambda/src/main/java/com/cloudera/oryx/lambda/batch/ValueWritableConverter.java,6,0,0,0,66,110,NoBug
d6687d2eb4391d042aa1d5e80653326e501b0fed,framework/oryx-ml/src/test/java/com/cloudera/oryx/ml/SimpleMLUpdateIT.java,5,0,1,1,75,115,Bag
e0b8eb77d5771ae8f13d00fd85fa143144cb8f42,app/oryx-app/src/main/java/com/cloudera/oryx/app/speed/kmeans/KMeansSpeedModelManager.java,6,0,1,3,66,128,NoBug
58153f886aa4d625048774f3570def750710bec1,oryx-lambda/src/main/java/com/cloudera/oryx/lambda/SaveToHDFSFunction.java,2,0,0,0,48,74,Bag
d16f89b25fc5e12f94af6432274c66e0394c1743,framework/oryx-lambda-serving/src/main/java/com/cloudera/oryx/lambda/serving/TopicProducerImpl.java,2,0,1,4,32,65,NoBug
d16f89b25fc5e12f94af6432274c66e0394c1743,app/oryx-app-serving/src/main/java/com/cloudera/oryx/app/serving/rdf/Predict.java,5,0,1,3,84,122,NoBug
d6687d2eb4391d042aa1d5e80653326e501b0fed,app/oryx-app-mllib/src/test/java/com/cloudera/oryx/app/batch/mllib/rdf/RDFUpdateIT.java,9,0,0,2,141,188,Bag
df27388cd4a3029d67283e23ecdd70b83fa4bd9b,app/oryx-app-serving/src/test/java/com/cloudera/oryx/app/serving/als/MostPopularItemsTest.java,3,0,0,4,36,61,NoBug
efcdff4c4e8f2827aae55879bbb778cd0f7dd99c,example/src/main/java/com/cloudera/oryx/example/ExampleBatchLayerUpdate.java,1,0,0,2,17,38,NoBug
d16f89b25fc5e12f94af6432274c66e0394c1743,app/oryx-app-serving/src/main/java/com/cloudera/oryx/app/serving/rdf/Train.java,3,0,1,3,48,79,NoBug
0a8756ea6c6cc91b5887bf9c46a69cd9c9546cde,framework/oryx-ml/src/main/java/com/cloudera/oryx/ml/MLUpdate.java,36,0,6,1,264,392,NoBug
d16f89b25fc5e12f94af6432274c66e0394c1743,app/oryx-app-serving/src/main/java/com/cloudera/oryx/app/serving/als/RecommendToAnonymous.java,4,0,1,1,61,101,NoBug
d16f89b25fc5e12f94af6432274c66e0394c1743,framework/kafka-util/src/main/java/com/cloudera/oryx/kafka/util/LocalKafkaBroker.java,5,0,5,2,64,118,NoBug
8a1a39f9422c6139c5b5aabb76bbfde45b32d272,oryx-lambda/src/test/java/com/cloudera/oryx/lambda/speed/AbstractSpeedIT.java,1,0,0,1,70,108,NoBug
92bff167832b0389e135a60e46f1284c34744e3c,app/oryx-app-serving/src/main/java/com/cloudera/oryx/app/serving/rdf/Train.java,3,0,1,3,43,74,NoBug
d16f89b25fc5e12f94af6432274c66e0394c1743,framework/oryx-lambda/src/main/java/com/cloudera/oryx/lambda/TopicProducerImpl.java,2,0,1,4,44,80,NoBug
d6687d2eb4391d042aa1d5e80653326e501b0fed,framework/oryx-lambda/src/test/java/com/cloudera/oryx/lambda/batch/AbstractBatchIT.java,7,0,0,1,104,147,Bag
d6687d2eb4391d042aa1d5e80653326e501b0fed,app/oryx-app-serving/src/test/java/com/cloudera/oryx/app/serving/als/PreferenceTest.java,1,0,0,6,54,82,Bag
d6687d2eb4391d042aa1d5e80653326e501b0fed,app/oryx-app-mllib/src/test/java/com/cloudera/oryx/app/batch/mllib/kmeans/KMeansUpdateIT.java,4,0,0,2,76,117,Bag
d6687d2eb4391d042aa1d5e80653326e501b0fed,framework/oryx-lambda/src/main/java/com/cloudera/oryx/lambda/batch/BatchLayer.java,7,0,1,4,125,176,Bag
407e141b5e3da54262668d6902fd009fc3119f92,oryx-app/src/test/java/com/cloudera/oryx/app/speed/rdf/RDFSpeedIT.java,18,0,0,3,140,188,NoBug
c601aca50aac8213cfe5c082eaaba51a7b577d0c,oryx-app/src/test/java/com/cloudera/oryx/app/speed/rdf/RDFSpeedIT.java,16,0,0,3,139,187,Bag
0e536a808244ffd416c047e7c365d4f055ea1b8a,framework/oryx-lambda/src/main/java/com/cloudera/oryx/lambda/batch/SaveToHDFSFunction.java,2,0,0,0,44,70,NoBug
518dc444be616e55a8aeb1bd047aaa411ae3281a,app/oryx-app-serving/src/main/java/com/cloudera/oryx/app/serving/kmeans/Add.java,3,0,1,3,46,78,NoBug
cdcb0aae19f56d45ba9d94585e5f974b8f70b7d7,oryx-lambda/src/main/java/com/cloudera/oryx/lambda/speed/SpeedLayerUpdate.java,3,0,1,2,35,65,NoBug
27e9046b2bd92243c260efd8bcd0af46b92bdf9e,app/oryx-app-serving/src/main/java/com/cloudera/oryx/app/serving/als/Console.java,1,0,1,0,12,34,NoBug
3b0fc229b3818b52dda4b6b863f9bca5dcfc4d86,app/oryx-app-serving/src/main/java/com/cloudera/oryx/app/serving/rdf/model/RDFServingModelManager.java,8,0,2,3,90,137,NoBug
8de37c9b69a6688bc4af8f1d3601161a942aff58,framework/oryx-lambda/src/main/java/com/cloudera/oryx/lambda/HadoopUtils.java,3,0,2,0,22,58,NoBug
3b0fc229b3818b52dda4b6b863f9bca5dcfc4d86,app/oryx-app/src/main/java/com/cloudera/oryx/app/speed/rdf/RDFSpeedModelManager.java,12,0,1,4,144,190,NoBug
0c1bfe9ae796c2d7138b2f6b7f2d9de2f60dc015,app/oryx-app-serving/src/main/java/com/cloudera/oryx/app/serving/rdf/model/RDFServingModelManager.java,8,0,2,2,87,132,NoBug
27e9046b2bd92243c260efd8bcd0af46b92bdf9e,app/oryx-app-serving/src/main/java/com/cloudera/oryx/app/serving/als/PopularRepresentativeItems.java,3,0,1,1,31,62,NoBug
91004a03413eef0fdfd6e75a61b68248d11db0e5,app/oryx-app/src/test/java/com/cloudera/oryx/app/speed/als/MockALSInputGenerator.java,3,0,0,2,22,44,NoBug
27e9046b2bd92243c260efd8bcd0af46b92bdf9e,app/oryx-app-serving/src/main/java/com/cloudera/oryx/app/serving/als/MostActiveUsers.java,2,0,1,1,34,67,NoBug
49c1ead1c67cc8b980a4be36cff731a14ba4f3fb,framework/oryx-lambda-serving/src/test/java/com/cloudera/oryx/lambda/serving/AbstractServingTest.java,7,0,0,6,141,181,NoBug
0c6bf96eb475361ed45c4d7e54a970819e33802a,app/oryx-app-mllib/src/test/java/com/cloudera/oryx/app/batch/mllib/rdf/RDFUpdateIT.java,11,0,0,2,150,196,NoBug
49c1ead1c67cc8b980a4be36cff731a14ba4f3fb,framework/oryx-lambda/src/main/java/com/cloudera/oryx/lambda/batch/BatchLayer.java,7,0,1,4,121,172,NoBug
748bc73f06c8ab08fa6842ab85c4c48952fa9187,app/oryx-app/src/main/java/com/cloudera/oryx/app/speed/als/ALSSpeedModel.java,3,0,1,10,100,153,NoBug
3b0fc229b3818b52dda4b6b863f9bca5dcfc4d86,framework/oryx-lambda/src/test/java/com/cloudera/oryx/lambda/AbstractLambdaIT.java,3,0,1,2,83,119,NoBug
08aa247a098e6225c8499b18f9ffb667856cd7c3,app/oryx-app-common/src/test/java/com/cloudera/oryx/app/kmeans/KMeansUtilsTest.java,1,0,0,6,62,89,NoBug
55adb53ee568345ed12c856ccd976ad500d0d240,app/oryx-app/src/test/java/com/cloudera/oryx/app/speed/rdf/RDFSpeedIT.java,20,0,0,3,156,206,NoBug
1ba3b4138e13b7a9a196279b202fd7b85e9c08ca,app/oryx-app-mllib/src/test/java/com/cloudera/oryx/app/batch/mllib/rdf/RDFNumericHyperParamTuningIT.java,8,0,0,2,88,125,NoBug
cdcb0aae19f56d45ba9d94585e5f974b8f70b7d7,oryx-app-mllib/src/main/java/com/cloudera/oryx/app/mllib/kmeans/KMeansUpdate.java,6,0,3,2,147,215,NoBug
96491d3b4a6649c3c53bed17f1545e3f4f411f7f,app/oryx-app-common/src/test/java/com/cloudera/oryx/app/rdf/predict/CategoricalPredictionTest.java,2,0,1,7,74,106,NoBug
8de37c9b69a6688bc4af8f1d3601161a942aff58,framework/oryx-lambda/src/test/java/com/cloudera/oryx/lambda/HadoopUtilsTest.java,1,0,0,2,14,38,NoBug
49c1ead1c67cc8b980a4be36cff731a14ba4f3fb,app/oryx-app/src/test/java/com/cloudera/oryx/app/speed/kmeans/KMeansSpeedIT.java,4,0,0,2,76,115,NoBug
49c1ead1c67cc8b980a4be36cff731a14ba4f3fb,app/oryx-app/src/test/java/com/cloudera/oryx/app/speed/rdf/RDFSpeedIT.java,20,0,0,3,154,204,NoBug
49c1ead1c67cc8b980a4be36cff731a14ba4f3fb,framework/kafka-util/src/main/java/com/cloudera/oryx/kafka/util/KafkaUtils.java,8,0,6,0,103,161,NoBug
2ca76e7a17cb7b04c628a6e7322fd66328caf514,oryx-app-serving/src/test/java/com/cloudera/oryx/app/serving/kmeans/model/KMeansServingModelManagerIT.java,1,0,0,2,48,79,NoBug
0c1bfe9ae796c2d7138b2f6b7f2d9de2f60dc015,app/oryx-app-serving/src/main/java/com/cloudera/oryx/app/serving/als/model/ALSServingModelManager.java,24,0,1,3,142,190,NoBug
94ee7157e8f1c92c1b606669857e3f64378260db,oryx-app-mllib/src/test/java/com/cloudera/oryx/app/mllib/rdf/RDFCategoricalHyperParamTuningIT.java,6,0,0,2,85,120,NoBug
13d7fb2526250d7c318333d8f252cbd7b9e4a77a,framework/kafka-util/src/main/java/com/cloudera/oryx/kafka/util/KafkaUtils.java,8,0,5,0,97,148,NoBug
ba899dd5f05492b8c6e3e410d6a833c63392bf63,oryx-lambda-serving/src/test/java/com/cloudera/oryx/lambda/serving/HelloWorld.java,1,0,0,2,10,30,NoBug
481ec44fd6a5d511ef42eddf47334a725d3a540c,app/oryx-app-mllib/src/main/java/com/cloudera/oryx/app/batch/mllib/kmeans/KMeansUpdate.java,12,0,4,1,182,257,NoBug
2a54e16bc0e4d2def6decfc03b2a56b5e481308d,app/oryx-app/src/test/java/com/cloudera/oryx/app/speed/als/MockALSModelUpdateGenerator.java,4,0,0,2,78,118,NoBug
27e9046b2bd92243c260efd8bcd0af46b92bdf9e,app/oryx-app-serving/src/main/java/com/cloudera/oryx/app/serving/als/RecommendToMany.java,9,0,1,1,86,127,NoBug
3b0fc229b3818b52dda4b6b863f9bca5dcfc4d86,app/oryx-app-mllib/src/test/java/com/cloudera/oryx/app/batch/mllib/kmeans/KMeansUpdateIT.java,5,0,0,2,77,117,NoBug
cb3d463ccf916877ec6fe5261653d3a32377a7fe,framework/oryx-lambda/src/main/java/com/cloudera/oryx/lambda/speed/SpeedLayer.java,10,0,1,4,161,216,NoBug
c766a75f0a21dd2466533971b3d846376cd9dc6f,app/oryx-app-serving/src/main/java/com/cloudera/oryx/app/serving/kmeans/AbstractKMeansResource.java,4,0,1,0,29,55,NoBug
2ca76e7a17cb7b04c628a6e7322fd66328caf514,oryx-common/src/test/java/com/cloudera/oryx/common/OryxTest.java,7,0,2,2,71,121,NoBug
7f8f3cdde532d5bd1f8f41ab31e10719ed4ab984,oryx-app-common/src/main/java/com/cloudera/oryx/app/pmml/AppPMMLUtils.java,30,0,9,4,175,264,NoBug
49c1ead1c67cc8b980a4be36cff731a14ba4f3fb,app/oryx-app-mllib/src/test/java/com/cloudera/oryx/app/batch/mllib/rdf/RDFCategoricalHyperParamTuningIT.java,6,0,0,2,83,118,NoBug
27e9046b2bd92243c260efd8bcd0af46b92bdf9e,framework/oryx-lambda/src/main/java/com/cloudera/oryx/lambda/speed/SpeedLayerUpdate.java,4,0,1,2,39,72,NoBug
2d0eeee34e704629f0096b1756a94ed34e5271b3,framework/oryx-lambda-serving/src/test/java/com/cloudera/oryx/lambda/serving/ErrorResourceTest.java,1,0,0,2,23,45,NoBug
fd8a77cc546c2a797833303878774b2697548349,oryx-lambda/src/main/java/com/cloudera/oryx/lambda/ScalaBatchLayerUpdateAdapter.java,1,0,0,3,25,47,NoBug
481ec44fd6a5d511ef42eddf47334a725d3a540c,app/oryx-app-mllib/src/main/java/com/cloudera/oryx/app/batch/mllib/kmeans/ClusterMetric.java,1,0,0,0,29,55,NoBug
3e37e6e1d93a28c4cbc14584101fe0c8c9b46743,oryx-ml-oryx/src/main/java/com/cloudera/oryx/ml/speed/als/ALSSpeedModelManager.java,29,0,0,5,217,305,NoBug
3e37e6e1d93a28c4cbc14584101fe0c8c9b46743,oryx-ml-oryx/src/main/java/com/cloudera/oryx/ml/speed/als/ALSSpeedModel.java,3,0,1,10,135,188,NoBug
27e9046b2bd92243c260efd8bcd0af46b92bdf9e,app/oryx-app-serving/src/main/java/com/cloudera/oryx/app/serving/als/Recommend.java,7,0,1,1,75,129,NoBug
08aa247a098e6225c8499b18f9ffb667856cd7c3,app/oryx-app-serving/src/test/java/com/cloudera/oryx/app/serving/kmeans/model/TestKMeansModelFactory.java,1,0,0,2,25,50,NoBug
0c6bf96eb475361ed45c4d7e54a970819e33802a,app/oryx-app-mllib/src/test/java/com/cloudera/oryx/app/batch/mllib/kmeans/KMeansUpdateIT.java,5,0,0,2,74,114,NoBug
7f8f3cdde532d5bd1f8f41ab31e10719ed4ab984,oryx-app-serving/src/main/java/com/cloudera/oryx/app/serving/als/model/ALSServingModelManager.java,12,0,0,5,100,140,NoBug
0c6bf96eb475361ed45c4d7e54a970819e33802a,app/oryx-app-common/src/main/java/com/cloudera/oryx/app/rdf/predict/CategoricalPrediction.java,6,0,3,9,90,140,NoBug
3b0fc229b3818b52dda4b6b863f9bca5dcfc4d86,framework/oryx-ml/src/main/java/com/cloudera/oryx/ml/MLUpdate.java,37,0,6,1,292,418,NoBug
0c6bf96eb475361ed45c4d7e54a970819e33802a,app/oryx-app-common/src/main/java/com/cloudera/oryx/app/rdf/RDFPMMLUtils.java,21,0,3,0,217,282,NoBug
3b0fc229b3818b52dda4b6b863f9bca5dcfc4d86,framework/oryx-api/src/main/java/com/cloudera/oryx/api/serving/ServingModelManager.java,1,0,3,1,12,55,NoBug
49c1ead1c67cc8b980a4be36cff731a14ba4f3fb,framework/kafka-util/src/test/java/com/cloudera/oryx/kafka/util/ProduceConsumeIT.java,3,0,1,1,52,88,NoBug
2ca76e7a17cb7b04c628a6e7322fd66328caf514,oryx-app-serving/src/test/java/com/cloudera/oryx/app/serving/rdf/model/RDFServingModelManagerIT.java,1,0,0,2,71,108,NoBug
0c6bf96eb475361ed45c4d7e54a970819e33802a,app/oryx-app-common/src/test/java/com/cloudera/oryx/app/rdf/predict/CategoricalPredictionTest.java,2,0,1,7,74,106,NoBug
cb3d463ccf916877ec6fe5261653d3a32377a7fe,framework/kafka-util/src/main/java/com/cloudera/oryx/kafka/util/ConsumeData.java,2,0,1,3,35,65,NoBug
e8030b3b78146e503ddc673f09a60ca7b2aaf0d5,framework/oryx-lambda-serving/src/main/java/com/cloudera/oryx/lambda/serving/ServingLayer.java,23,0,4,2,248,341,NoBug
49c1ead1c67cc8b980a4be36cff731a14ba4f3fb,app/oryx-app/src/test/java/com/cloudera/oryx/app/speed/rdf/MockRDFRegressionInputGenerator.java,3,0,0,2,13,36,NoBug
3b0fc229b3818b52dda4b6b863f9bca5dcfc4d86,app/oryx-app/src/main/java/com/cloudera/oryx/app/speed/als/ALSSpeedModelManager.java,22,0,1,4,187,259,NoBug
2a54e16bc0e4d2def6decfc03b2a56b5e481308d,app/oryx-app-serving/src/main/java/com/cloudera/oryx/app/serving/als/EstimateForAnonymous.java,6,0,1,1,72,121,NoBug
49c1ead1c67cc8b980a4be36cff731a14ba4f3fb,framework/oryx-lambda-serving/src/main/java/com/cloudera/oryx/lambda/serving/TopicProducerImpl.java,3,0,1,5,48,82,NoBug
6024e00dd45bf69a5dddbb1243fe0518e7e41efe,framework/oryx-common/src/main/java/com/cloudera/oryx/common/math/VectorMath.java,12,0,7,0,65,120,NoBug
49c1ead1c67cc8b980a4be36cff731a14ba4f3fb,framework/oryx-lambda/src/test/java/com/cloudera/oryx/lambda/speed/SpeedLayerIT.java,5,0,1,1,46,79,NoBug
0c1bfe9ae796c2d7138b2f6b7f2d9de2f60dc015,app/oryx-app/src/main/java/com/cloudera/oryx/app/speed/als/ALSSpeedModelManager.java,20,0,1,3,140,229,NoBug
27e9046b2bd92243c260efd8bcd0af46b92bdf9e,app/oryx-app-serving/src/main/java/com/cloudera/oryx/app/serving/als/Preference.java,5,0,1,2,53,85,NoBug
49c1ead1c67cc8b980a4be36cff731a14ba4f3fb,framework/oryx-lambda/src/test/java/com/cloudera/oryx/lambda/batch/BatchLayerIT.java,2,0,1,1,46,79,NoBug
49c1ead1c67cc8b980a4be36cff731a14ba4f3fb,app/oryx-app-serving/src/main/java/com/cloudera/oryx/app/serving/rdf/Train.java,3,0,1,3,48,79,NoBug
481ec44fd6a5d511ef42eddf47334a725d3a540c,app/oryx-app-mllib/src/main/java/com/cloudera/oryx/app/batch/mllib/kmeans/SilhouetteCoefficient.java,16,0,0,0,111,162,NoBug
b6b02e9588f7acc5366ee6f9ac69d7abc17896b7,app/oryx-app-serving/src/main/java/com/cloudera/oryx/app/serving/als/model/ALSServingModel.java,41,0,9,8,366,519,NoBug
08aa247a098e6225c8499b18f9ffb667856cd7c3,app/oryx-app-common/src/main/java/com/cloudera/oryx/app/kmeans/KMeansUtils.java,7,0,4,0,45,88,NoBug
cb3d463ccf916877ec6fe5261653d3a32377a7fe,framework/oryx-lambda-serving/src/main/java/com/cloudera/oryx/lambda/serving/ModelManagerListener.java,9,0,1,3,154,208,NoBug
7f8f3cdde532d5bd1f8f41ab31e10719ed4ab984,oryx-app-serving/src/main/java/com/cloudera/oryx/app/serving/rdf/Predict.java,5,0,1,3,84,122,NoBug
fc360fa3282bc438b5a71d6d7c6e2f585e824614,oryx-common/src/main/java/com/cloudera/oryx/common/math/VectorMath.java,12,0,7,0,65,123,NoBug
6024e00dd45bf69a5dddbb1243fe0518e7e41efe,app/oryx-app-serving/src/test/java/com/cloudera/oryx/app/serving/als/SimilarityTest.java,1,0,0,9,57,85,NoBug
ed5ee2a4983b0f059e9027b6459240d4e3f06136,framework/oryx-lambda/src/main/java/com/cloudera/oryx/lambda/DeleteOldDataFn.java,2,0,1,2,41,79,NoBug
fc360fa3282bc438b5a71d6d7c6e2f585e824614,oryx-ml-oryx-serving/src/main/java/com/cloudera/oryx/ml/serving/als/DotsFunction.java,2,0,0,0,23,47,NoBug
1ba3b4138e13b7a9a196279b202fd7b85e9c08ca,framework/oryx-lambda/src/main/java/com/cloudera/oryx/lambda/AbstractSparkLayer.java,5,0,1,0,159,222,NoBug
2a54e16bc0e4d2def6decfc03b2a56b5e481308d,app/oryx-app/src/main/java/com/cloudera/oryx/app/speed/als/ALSSpeedModelManager.java,29,0,1,4,206,274,NoBug
700167c9abf05625c654662bda74a2d21ef74a0d,framework/oryx-lambda/src/main/java/com/cloudera/oryx/lambda/batch/SaveToHDFSFunction.java,3,0,0,0,60,87,NoBug
27e9046b2bd92243c260efd8bcd0af46b92bdf9e,app/oryx-app-serving/src/main/java/com/cloudera/oryx/app/serving/als/Ingest.java,7,0,1,2,73,124,NoBug
27e9046b2bd92243c260efd8bcd0af46b92bdf9e,framework/oryx-lambda/src/main/java/com/cloudera/oryx/lambda/batch/BatchUpdateFunction.java,6,0,0,0,108,159,NoBug
08aa247a098e6225c8499b18f9ffb667856cd7c3,app/oryx-app-serving/src/test/java/com/cloudera/oryx/app/serving/als/MostPopularItemsTest.java,1,0,0,4,29,54,NoBug
27e9046b2bd92243c260efd8bcd0af46b92bdf9e,app/oryx-app-serving/src/main/java/com/cloudera/oryx/app/serving/als/AllItemIDs.java,1,0,1,1,19,44,NoBug
fd8a77cc546c2a797833303878774b2697548349,oryx-lambda/src/test/java/com/cloudera/oryx/lambda/AbstractLambdaIT.java,4,0,1,2,80,114,NoBug
481ec44fd6a5d511ef42eddf47334a725d3a540c,app/oryx-app-mllib/src/main/java/com/cloudera/oryx/app/batch/mllib/kmeans/AbstractKMeansEvaluation.java,5,0,0,0,57,89,NoBug
748bc73f06c8ab08fa6842ab85c4c48952fa9187,framework/oryx-common/src/test/java/com/cloudera/oryx/common/math/LinearSystemSolverTest.java,3,0,0,7,84,110,NoBug
3b0fc229b3818b52dda4b6b863f9bca5dcfc4d86,framework/kafka-util/src/test/java/com/cloudera/oryx/kafka/util/LargeMessageIT.java,3,0,0,2,71,106,NoBug
518dc444be616e55a8aeb1bd047aaa411ae3281a,app/oryx-app-serving/src/main/java/com/cloudera/oryx/app/serving/rdf/Train.java,3,0,1,3,46,77,NoBug
518dc444be616e55a8aeb1bd047aaa411ae3281a,framework/oryx-api/src/main/java/com/cloudera/oryx/api/serving/ServingModelManager.java,1,0,5,1,15,66,NoBug
ed5ee2a4983b0f059e9027b6459240d4e3f06136,app/oryx-app-common/src/main/java/com/cloudera/oryx/app/pmml/AppPMMLUtils.java,25,0,10,4,187,286,NoBug
49c1ead1c67cc8b980a4be36cff731a14ba4f3fb,framework/oryx-lambda/src/main/java/com/cloudera/oryx/lambda/AbstractSparkLayer.java,9,0,2,1,208,292,NoBug
2ca76e7a17cb7b04c628a6e7322fd66328caf514,oryx-lambda/src/test/java/com/cloudera/oryx/lambda/AbstractBatchIT.java,7,0,0,1,106,150,NoBug
0c1bfe9ae796c2d7138b2f6b7f2d9de2f60dc015,app/oryx-app/src/main/java/com/cloudera/oryx/app/speed/rdf/RDFSpeedModelManager.java,8,0,1,3,96,158,NoBug
27e9046b2bd92243c260efd8bcd0af46b92bdf9e,app/oryx-app-serving/src/main/java/com/cloudera/oryx/app/serving/rdf/Train.java,3,0,1,3,50,81,NoBug
ba899dd5f05492b8c6e3e410d6a833c63392bf63,oryx-lambda-serving/src/test/java/com/cloudera/oryx/lambda/serving/SecureAPIConfigIT.java,1,0,0,5,110,149,NoBug
7f8f3cdde532d5bd1f8f41ab31e10719ed4ab984,oryx-app-mllib/src/test/java/com/cloudera/oryx/app/mllib/als/AbstractALSIT.java,2,0,0,1,14,35,NoBug
6024e00dd45bf69a5dddbb1243fe0518e7e41efe,app/oryx-app-serving/src/main/java/com/cloudera/oryx/app/serving/als/CosineAverageFunction.java,6,0,1,4,40,68,NoBug
91004a03413eef0fdfd6e75a61b68248d11db0e5,app/oryx-app/src/test/java/com/cloudera/oryx/app/speed/als/ALSSpeedIT.java,7,0,0,2,79,118,NoBug
96491d3b4a6649c3c53bed17f1545e3f4f411f7f,framework/oryx-lambda/src/main/java/com/cloudera/oryx/lambda/AbstractSparkLayer.java,11,0,2,1,221,304,Bag
0c6bf96eb475361ed45c4d7e54a970819e33802a,app/oryx-app-mllib/src/test/java/com/cloudera/oryx/app/batch/mllib/AbstractAppMLlibIT.java,10,0,1,0,92,122,NoBug
08aa247a098e6225c8499b18f9ffb667856cd7c3,app/oryx-app-serving/src/main/java/com/cloudera/oryx/app/serving/kmeans/Assign.java,4,0,1,3,61,96,NoBug
518dc444be616e55a8aeb1bd047aaa411ae3281a,app/oryx-app-serving/src/main/java/com/cloudera/oryx/app/serving/als/Ingest.java,7,0,1,2,68,119,NoBug
96491d3b4a6649c3c53bed17f1545e3f4f411f7f,framework/oryx-lambda/src/test/java/com/cloudera/oryx/lambda/AbstractSparkIT.java,2,0,1,2,25,52,NoBug
08aa247a098e6225c8499b18f9ffb667856cd7c3,app/oryx-app-serving/src/test/java/com/cloudera/oryx/app/serving/kmeans/AssignTest.java,1,0,0,5,39,65,NoBug
3b0fc229b3818b52dda4b6b863f9bca5dcfc4d86,app/oryx-app-mllib/src/test/java/com/cloudera/oryx/app/batch/mllib/rdf/RDFUpdateIT.java,10,0,0,2,142,188,NoBug
27e9046b2bd92243c260efd8bcd0af46b92bdf9e,framework/oryx-api/src/main/java/com/cloudera/oryx/api/TopicProducer.java,1,0,5,1,10,55,NoBug
fd8a77cc546c2a797833303878774b2697548349,oryx-lambda/src/main/java/com/cloudera/oryx/lambda/speed/SpeedLayer.java,9,0,1,4,205,259,NoBug
407e141b5e3da54262668d6902fd009fc3119f92,oryx-common/src/test/java/com/cloudera/oryx/common/settings/ConfigUtilsTest.java,1,0,1,8,70,103,NoBug
27e9046b2bd92243c260efd8bcd0af46b92bdf9e,app/oryx-app-serving/src/main/java/com/cloudera/oryx/app/serving/als/MostSurprising.java,1,0,1,1,56,97,NoBug
481ec44fd6a5d511ef42eddf47334a725d3a540c,app/oryx-app-serving/src/test/java/com/cloudera/oryx/app/serving/kmeans/DistanceToNearestTest.java,1,0,0,3,18,41,NoBug
0c6bf96eb475361ed45c4d7e54a970819e33802a,framework/oryx-common/src/test/java/com/cloudera/oryx/common/OryxTest.java,8,0,3,11,109,170,NoBug
27e9046b2bd92243c260efd8bcd0af46b92bdf9e,app/oryx-app-mllib/src/main/java/com/cloudera/oryx/app/batch/mllib/als/EnqueueFeatureVecsAndKnownItemsFn.java,3,0,0,0,37,61,NoBug
4bda59507a37d222f61f663eaddd241f834fb7ef,oryx-lambda/src/main/java/com/cloudera/oryx/lambda/BatchLayer.java,10,0,1,4,218,286,NoBug
ba899dd5f05492b8c6e3e410d6a833c63392bf63,oryx-lambda-serving/src/main/java/com/cloudera/oryx/lambda/serving/ServingLayer.java,22,0,3,3,214,297,NoBug
481ec44fd6a5d511ef42eddf47334a725d3a540c,app/oryx-app-common/src/main/java/com/cloudera/oryx/app/kmeans/EuclideanDistanceFn.java,2,0,1,1,15,38,NoBug
8de37c9b69a6688bc4af8f1d3601161a942aff58,framework/oryx-common/src/main/java/com/cloudera/oryx/common/lang/OryxShutdownHook.java,2,0,2,1,29,63,NoBug
cb3d463ccf916877ec6fe5261653d3a32377a7fe,framework/kafka-util/src/test/java/com/cloudera/oryx/kafka/util/LargeMessageIT.java,3,0,0,2,67,104,NoBug
96491d3b4a6649c3c53bed17f1545e3f4f411f7f,app/oryx-app-mllib/src/main/java/com/cloudera/oryx/app/batch/mllib/rdf/RDFUpdate.java,50,0,1,4,511,632,NoBug
7c58de5127a8e8de7310b610e3fbdc486234e6ed,framework/kafka-util/src/main/java/com/cloudera/oryx/kafka/util/KafkaUtils.java,12,0,8,0,218,346,NoBug
27e9046b2bd92243c260efd8bcd0af46b92bdf9e,framework/oryx-lambda-serving/src/test/java/com/cloudera/oryx/lambda/serving/MockTopicProducer.java,1,0,0,7,30,58,NoBug
0c1bfe9ae796c2d7138b2f6b7f2d9de2f60dc015,app/oryx-app-serving/src/main/java/com/cloudera/oryx/app/serving/kmeans/model/KMeansServingModelManager.java,7,0,2,2,65,107,NoBug
4d95d914ab266598320563fa9e6154937bf77e0e,oryx-app/src/test/java/com/cloudera/oryx/app/speed/rdf/RDFSpeedIT.java,18,0,0,3,140,188,NoBug
96491d3b4a6649c3c53bed17f1545e3f4f411f7f,app/oryx-app-common/src/main/java/com/cloudera/oryx/app/rdf/RDFPMMLUtils.java,21,0,3,0,217,282,NoBug
27e9046b2bd92243c260efd8bcd0af46b92bdf9e,framework/kafka-util/src/main/java/com/cloudera/oryx/kafka/util/LocalKafkaBroker.java,5,0,5,2,64,117,NoBug
fd8a77cc546c2a797833303878774b2697548349,oryx-lambda/src/main/java/com/cloudera/oryx/lambda/BatchLayer.java,6,0,1,4,178,233,NoBug
08aa247a098e6225c8499b18f9ffb667856cd7c3,app/oryx-app-serving/src/main/java/com/cloudera/oryx/app/serving/kmeans/AbstractKMeansResource.java,4,0,1,0,30,56,NoBug
7f8f3cdde532d5bd1f8f41ab31e10719ed4ab984,oryx-app-mllib/src/test/java/com/cloudera/oryx/app/mllib/kmeans/RandomKMeansDataGenerator.java,2,0,0,0,22,45,NoBug
0c6bf96eb475361ed45c4d7e54a970819e33802a,framework/oryx-lambda/src/test/java/com/cloudera/oryx/lambda/AbstractSparkIT.java,2,0,1,2,25,52,NoBug
748bc73f06c8ab08fa6842ab85c4c48952fa9187,framework/oryx-common/src/main/java/com/cloudera/oryx/common/math/LinearSystemSolver.java,3,0,1,2,39,66,NoBug
3b0fc229b3818b52dda4b6b863f9bca5dcfc4d86,app/oryx-app-serving/src/main/java/com/cloudera/oryx/app/serving/als/model/ALSServingModelManager.java,11,0,1,4,94,139,NoBug
089cfe55fd43a90b87e111e48368ad19f20d2e38,framework/oryx-lambda/src/main/java/com/cloudera/oryx/lambda/AbstractSparkLayer.java,11,0,2,1,191,276,NoBug
49c1ead1c67cc8b980a4be36cff731a14ba4f3fb,app/oryx-app-serving/src/test/java/com/cloudera/oryx/app/serving/als/PreferenceTest.java,1,0,0,6,54,82,NoBug
27e9046b2bd92243c260efd8bcd0af46b92bdf9e,app/oryx-app-mllib/src/main/java/com/cloudera/oryx/app/batch/mllib/als/ALSUpdate.java,23,0,1,5,427,550,NoBug
7f8f3cdde532d5bd1f8f41ab31e10719ed4ab984,oryx-app-common/src/test/java/com/cloudera/oryx/app/pmml/AppPMMLUtilsTest.java,5,0,0,9,163,203,NoBug
27e9046b2bd92243c260efd8bcd0af46b92bdf9e,framework/oryx-lambda/src/main/java/com/cloudera/oryx/lambda/speed/SpeedLayer.java,10,0,1,4,162,216,NoBug
3b0fc229b3818b52dda4b6b863f9bca5dcfc4d86,app/example/src/main/java/com/cloudera/oryx/example/ExampleServingModelManager.java,1,0,1,3,18,46,NoBug
3b0fc229b3818b52dda4b6b863f9bca5dcfc4d86,framework/oryx-lambda-serving/src/test/java/com/cloudera/oryx/lambda/serving/AbstractServingTest.java,7,0,0,6,142,182,NoBug
7f8f3cdde532d5bd1f8f41ab31e10719ed4ab984,oryx-app-mllib/src/main/java/com/cloudera/oryx/app/mllib/rdf/RDFUpdate.java,42,0,0,5,502,617,NoBug
aedeaf59cb865c44f12db297a852e0ee43d6d317,oryx-lambda/src/test/java/com/cloudera/oryx/lambda/speed/AbstractSpeedIT.java,1,0,0,1,71,111,NoBug
13d7fb2526250d7c318333d8f252cbd7b9e4a77a,framework/oryx-lambda/src/main/java/com/cloudera/oryx/lambda/AbstractSparkLayer.java,7,0,2,1,204,289,NoBug
3b0fc229b3818b52dda4b6b863f9bca5dcfc4d86,app/example/src/main/java/com/cloudera/oryx/example/ExampleSpeedModelManager.java,1,0,1,3,19,47,NoBug
7f8f3cdde532d5bd1f8f41ab31e10719ed4ab984,oryx-app/src/main/java/com/cloudera/oryx/app/speed/als/ALSSpeedModelManager.java,22,0,0,5,188,257,NoBug
2a54e16bc0e4d2def6decfc03b2a56b5e481308d,app/oryx-app/src/main/java/com/cloudera/oryx/app/speed/als/ALSSpeedModel.java,2,0,1,11,96,144,NoBug
fd8a77cc546c2a797833303878774b2697548349,oryx-common/src/test/java/com/cloudera/oryx/common/settings/ConfigUtilsTest.java,1,0,1,6,52,83,NoBug
481ec44fd6a5d511ef42eddf47334a725d3a540c,app/oryx-app-mllib/src/main/java/com/cloudera/oryx/app/batch/mllib/kmeans/DunnIndex.java,4,0,0,0,30,63,NoBug
3b0fc229b3818b52dda4b6b863f9bca5dcfc4d86,framework/kafka-util/src/test/java/com/cloudera/oryx/kafka/util/ConsumeData.java,1,0,1,3,31,58,NoBug
748bc73f06c8ab08fa6842ab85c4c48952fa9187,app/oryx-app-serving/src/main/java/com/cloudera/oryx/app/serving/als/model/ALSServingModel.java,39,0,8,9,365,514,NoBug
49c1ead1c67cc8b980a4be36cff731a14ba4f3fb,framework/oryx-lambda-serving/src/test/java/com/cloudera/oryx/lambda/serving/AbstractServingIT.java,2,0,0,3,61,93,NoBug
27e9046b2bd92243c260efd8bcd0af46b92bdf9e,app/oryx-app-serving/src/main/java/com/cloudera/oryx/app/serving/rdf/Console.java,1,0,1,0,12,34,NoBug
481ec44fd6a5d511ef42eddf47334a725d3a540c,app/oryx-app-common/src/test/java/com/cloudera/oryx/app/kmeans/EuclideanDistanceFnTest.java,1,0,0,2,15,36,NoBug
481ec44fd6a5d511ef42eddf47334a725d3a540c,app/oryx-app-common/src/test/java/com/cloudera/oryx/app/kmeans/KMeansUtilsTest.java,1,0,0,6,62,89,NoBug
518dc444be616e55a8aeb1bd047aaa411ae3281a,app/oryx-app-serving/src/main/java/com/cloudera/oryx/app/serving/als/Preference.java,5,0,1,2,55,87,NoBug
5b3cc27a32aa3f6951e3733e2a9b9b0ccd4175e6,oryx-app/src/test/java/com/cloudera/oryx/app/speed/rdf/RDFSpeedIT.java,18,0,0,3,141,189,NoBug
49c1ead1c67cc8b980a4be36cff731a14ba4f3fb,framework/kafka-util/src/test/java/com/cloudera/oryx/kafka/util/LargeMessageIT.java,3,0,0,2,66,100,NoBug
08aa247a098e6225c8499b18f9ffb667856cd7c3,app/oryx-app/src/main/java/com/cloudera/oryx/app/speed/kmeans/KMeansSpeedModel.java,1,0,1,5,29,58,NoBug
6168157dff2bc3dc210abe2f731785f2ad07960e,app/oryx-app-mllib/src/main/java/com/cloudera/oryx/app/batch/mllib/als/ALSUpdate.java,13,0,1,6,318,509,NoBug
27e9046b2bd92243c260efd8bcd0af46b92bdf9e,framework/oryx-lambda-serving/src/main/java/com/cloudera/oryx/lambda/serving/ModelManagerListener.java,9,0,1,3,153,206,NoBug
27e9046b2bd92243c260efd8bcd0af46b92bdf9e,app/oryx-app-serving/src/main/java/com/cloudera/oryx/app/serving/als/Similarity.java,4,0,1,1,66,109,NoBug
49c1ead1c67cc8b980a4be36cff731a14ba4f3fb,app/oryx-app-mllib/src/test/java/com/cloudera/oryx/app/batch/mllib/als/ALSUpdateIT.java,14,0,0,2,149,206,NoBug
3e37e6e1d93a28c4cbc14584101fe0c8c9b46743,oryx-ml-oryx-serving/src/main/java/com/cloudera/oryx/ml/serving/als/model/ALSServingModel.java,37,0,2,10,384,496,NoBug
03f2c7f0ebb0042b92e67815be63d6b9b5cddedc,framework/oryx-lambda/src/test/java/com/cloudera/oryx/lambda/batch/ValueToWritableFunctionTest.java,1,0,0,3,31,52,NoBug
27e9046b2bd92243c260efd8bcd0af46b92bdf9e,app/oryx-app-serving/src/main/java/com/cloudera/oryx/app/serving/rdf/FeatureImportance.java,3,0,1,2,37,72,NoBug
481ec44fd6a5d511ef42eddf47334a725d3a540c,app/oryx-app-mllib/src/test/java/com/cloudera/oryx/app/batch/mllib/kmeans/KMeansEvalIT.java,1,0,0,7,77,108,NoBug
cdcb0aae19f56d45ba9d94585e5f974b8f70b7d7,oryx-lambda/src/main/java/com/cloudera/oryx/lambda/SaveToHDFSFunction.java,2,0,0,0,47,74,NoBug
0c6bf96eb475361ed45c4d7e54a970819e33802a,framework/oryx-lambda/src/main/java/com/cloudera/oryx/lambda/batch/BatchLayer.java,7,0,1,4,118,167,NoBug
518dc444be616e55a8aeb1bd047aaa411ae3281a,app/example/src/main/java/com/cloudera/oryx/example/ExampleServingModelManager.java,5,0,1,3,46,76,NoBug
27e9046b2bd92243c260efd8bcd0af46b92bdf9e,app/oryx-app-serving/src/main/java/com/cloudera/oryx/app/serving/als/SimilarityToItem.java,4,0,1,1,43,74,NoBug
518dc444be616e55a8aeb1bd047aaa411ae3281a,app/oryx-app-serving/src/main/java/com/cloudera/oryx/app/serving/AbstractOryxResource.java,9,0,1,0,109,156,NoBug
518dc444be616e55a8aeb1bd047aaa411ae3281a,framework/oryx-lambda-serving/src/test/java/com/cloudera/oryx/lambda/serving/AbstractServingTest.java,7,0,0,6,143,182,NoBug
49c1ead1c67cc8b980a4be36cff731a14ba4f3fb,framework/kafka-util/src/test/java/com/cloudera/oryx/kafka/util/ProduceData.java,3,0,1,2,60,90,NoBug
481ec44fd6a5d511ef42eddf47334a725d3a540c,app/oryx-app-mllib/src/main/java/com/cloudera/oryx/app/batch/mllib/kmeans/SumSquaredError.java,2,0,0,0,18,41,NoBug
49c1ead1c67cc8b980a4be36cff731a14ba4f3fb,app/oryx-app-serving/src/main/java/com/cloudera/oryx/app/serving/AbstractOryxResource.java,9,0,1,0,95,139,NoBug
481ec44fd6a5d511ef42eddf47334a725d3a540c,app/oryx-app-mllib/src/main/java/com/cloudera/oryx/app/batch/mllib/kmeans/DaviesBouldinIndex.java,4,0,0,0,36,71,NoBug
b6b02e9588f7acc5366ee6f9ac69d7abc17896b7,app/oryx-app-serving/src/main/java/com/cloudera/oryx/app/serving/als/Because.java,3,0,1,1,65,105,NoBug
27e9046b2bd92243c260efd8bcd0af46b92bdf9e,framework/zk-util/src/main/java/com/cloudera/oryx/zk/LocalZKServer.java,9,0,5,2,104,164,NoBug
27e9046b2bd92243c260efd8bcd0af46b92bdf9e,app/oryx-app-serving/src/main/java/com/cloudera/oryx/app/serving/als/EstimateForAnonymous.java,6,0,1,1,70,114,NoBug
6024e00dd45bf69a5dddbb1243fe0518e7e41efe,framework/oryx-common/src/test/java/com/cloudera/oryx/common/math/VectorMathTest.java,3,0,1,8,76,108,NoBug
7f8f3cdde532d5bd1f8f41ab31e10719ed4ab984,oryx-app-serving/src/main/java/com/cloudera/oryx/app/serving/rdf/ClassificationDistribution.java,3,0,1,1,40,76,NoBug
518dc444be616e55a8aeb1bd047aaa411ae3281a,framework/oryx-api/src/main/java/com/cloudera/oryx/api/serving/AbstractServingModelManager.java,1,0,1,3,21,51,NoBug
49c1ead1c67cc8b980a4be36cff731a14ba4f3fb,framework/oryx-lambda/src/test/java/com/cloudera/oryx/lambda/AbstractLambdaIT.java,3,0,1,2,82,117,NoBug
27e9046b2bd92243c260efd8bcd0af46b92bdf9e,app/oryx-app-serving/src/main/java/com/cloudera/oryx/app/serving/als/RecommendToAnonymous.java,4,0,1,1,63,103,NoBug
49c1ead1c67cc8b980a4be36cff731a14ba4f3fb,app/oryx-app-mllib/src/test/java/com/cloudera/oryx/app/batch/mllib/rdf/RDFUpdateIT.java,9,0,0,2,140,187,NoBug
ba899dd5f05492b8c6e3e410d6a833c63392bf63,oryx-lambda-serving/src/test/java/com/cloudera/oryx/lambda/serving/AbstractServingIT.java,3,0,0,3,75,113,NoBug
fd8a77cc546c2a797833303878774b2697548349,oryx-lambda/src/test/java/com/cloudera/oryx/lambda/MockBatchUpdate.java,2,0,1,1,30,58,NoBug
49c1ead1c67cc8b980a4be36cff731a14ba4f3fb,framework/oryx-lambda/src/test/java/com/cloudera/oryx/lambda/speed/AbstractSpeedIT.java,1,0,0,1,67,108,NoBug
0c1bfe9ae796c2d7138b2f6b7f2d9de2f60dc015,app/oryx-app/src/main/java/com/cloudera/oryx/app/speed/kmeans/KMeansSpeedModelManager.java,7,0,1,3,69,132,NoBug
2d0eeee34e704629f0096b1756a94ed34e5271b3,framework/oryx-lambda-serving/src/main/java/com/cloudera/oryx/lambda/serving/ErrorResource.java,12,0,1,3,93,129,NoBug
08aa247a098e6225c8499b18f9ffb667856cd7c3,app/oryx-app-mllib/src/main/java/com/cloudera/oryx/app/batch/mllib/kmeans/KMeansUpdate.java,12,0,4,1,183,258,NoBug
518dc444be616e55a8aeb1bd047aaa411ae3281a,app/oryx-app-serving/src/main/java/com/cloudera/oryx/app/serving/als/model/ALSServingModelManager.java,13,0,1,3,99,137,NoBug
407e141b5e3da54262668d6902fd009fc3119f92,oryx-common/src/main/java/com/cloudera/oryx/common/settings/ConfigUtils.java,5,0,9,0,62,141,NoBug
27e9046b2bd92243c260efd8bcd0af46b92bdf9e,app/oryx-app-serving/src/main/java/com/cloudera/oryx/app/serving/rdf/ClassificationDistribution.java,3,0,1,1,42,78,NoBug
27e9046b2bd92243c260efd8bcd0af46b92bdf9e,framework/oryx-lambda/src/main/java/com/cloudera/oryx/lambda/TopicProducerImpl.java,4,0,1,6,52,88,NoBug
27e9046b2bd92243c260efd8bcd0af46b92bdf9e,framework/oryx-common/src/test/java/com/cloudera/oryx/common/settings/ConfigUtilsTest.java,1,0,1,10,86,121,NoBug
481ec44fd6a5d511ef42eddf47334a725d3a540c,app/oryx-app-serving/src/main/java/com/cloudera/oryx/app/serving/kmeans/DistanceToNearest.java,2,0,1,1,22,50,NoBug
c766a75f0a21dd2466533971b3d846376cd9dc6f,app/oryx-app-serving/src/main/java/com/cloudera/oryx/app/serving/rdf/AbstractRDFResource.java,8,0,1,0,48,75,NoBug
0c6bf96eb475361ed45c4d7e54a970819e33802a,framework/oryx-lambda/src/main/java/com/cloudera/oryx/lambda/AbstractSparkLayer.java,13,0,2,1,197,279,NoBug
7f8f3cdde532d5bd1f8f41ab31e10719ed4ab984,oryx-app-common/src/main/java/com/cloudera/oryx/app/common/fn/MLFunctions.java,5,0,1,1,49,89,NoBug
518dc444be616e55a8aeb1bd047aaa411ae3281a,app/oryx-app-serving/src/main/java/com/cloudera/oryx/app/serving/rdf/model/RDFServingModelManager.java,8,0,2,2,90,135,NoBug
b004d50468963f3cef8e1ba1a319035ba8e17381,app/oryx-app-mllib/src/main/java/com/cloudera/oryx/app/batch/mllib/als/ALSUpdate.java,23,0,1,5,427,550,NoBug
fd8a77cc546c2a797833303878774b2697548349,example/src/main/java/com/cloudera/oryx/example/ExampleBatchLayerUpdate.java,1,0,0,2,17,38,NoBug
0c6bf96eb475361ed45c4d7e54a970819e33802a,app/oryx-app-mllib/src/test/java/com/cloudera/oryx/app/batch/mllib/als/ALSUpdateIT.java,13,0,0,2,146,202,NoBug
cdcb0aae19f56d45ba9d94585e5f974b8f70b7d7,oryx-ml/src/main/java/com/cloudera/oryx/ml/MLUpdate.java,33,0,5,1,276,391,NoBug
3b0fc229b3818b52dda4b6b863f9bca5dcfc4d86,app/oryx-app-mllib/src/main/java/com/cloudera/oryx/app/batch/mllib/als/ALSUpdate.java,23,0,1,6,431,555,NoBug
ed5ee2a4983b0f059e9027b6459240d4e3f06136,framework/oryx-ml/src/main/java/com/cloudera/oryx/ml/MLUpdate.java,37,0,6,1,267,395,NoBug
27e9046b2bd92243c260efd8bcd0af46b92bdf9e,app/oryx-app-mllib/src/main/java/com/cloudera/oryx/app/batch/mllib/als/EnqueueFeatureVecsFn.java,3,0,0,0,32,56,NoBug
49c1ead1c67cc8b980a4be36cff731a14ba4f3fb,app/oryx-app/src/test/java/com/cloudera/oryx/app/speed/als/ALSSpeedIT.java,8,0,0,2,81,120,NoBug
481ec44fd6a5d511ef42eddf47334a725d3a540c,app/oryx-app-serving/src/main/java/com/cloudera/oryx/app/serving/kmeans/model/KMeansServingModel.java,1,0,1,7,47,80,NoBug
27e9046b2bd92243c260efd8bcd0af46b92bdf9e,app/oryx-app-serving/src/main/java/com/cloudera/oryx/app/serving/rdf/Predict.java,5,0,1,3,86,124,NoBug
2ca76e7a17cb7b04c628a6e7322fd66328caf514,kafka-util/src/test/java/com/cloudera/oryx/kafka/util/ProduceConsumeIT.java,3,0,1,1,53,92,NoBug
0c6bf96eb475361ed45c4d7e54a970819e33802a,framework/oryx-common/src/test/java/com/cloudera/oryx/common/io/IOUtilsTest.java,2,0,1,9,111,155,NoBug
3b0fc229b3818b52dda4b6b863f9bca5dcfc4d86,framework/oryx-lambda/src/main/java/com/cloudera/oryx/lambda/speed/ScalaSpeedModelManagerAdapter.java,1,0,1,4,28,61,NoBug
3b0fc229b3818b52dda4b6b863f9bca5dcfc4d86,app/oryx-app-common/src/main/java/com/cloudera/oryx/app/pmml/AppPMMLUtils.java,33,0,10,4,205,298,NoBug
7f8f3cdde532d5bd1f8f41ab31e10719ed4ab984,oryx-common/src/main/java/com/cloudera/oryx/common/text/TextUtils.java,9,0,8,0,87,164,NoBug
fc360fa3282bc438b5a71d6d7c6e2f585e824614,oryx-ml-oryx-serving/src/main/java/com/cloudera/oryx/ml/serving/als/model/ALSServingModel.java,36,0,2,10,398,527,NoBug
cdcb0aae19f56d45ba9d94585e5f974b8f70b7d7,oryx-lambda/src/main/java/com/cloudera/oryx/lambda/BatchUpdateFunction.java,6,0,0,0,104,153,NoBug
49c1ead1c67cc8b980a4be36cff731a14ba4f3fb,app/oryx-app-mllib/src/test/java/com/cloudera/oryx/app/batch/mllib/als/ALSHyperParamTuningIT.java,1,0,0,2,63,94,NoBug
2ca76e7a17cb7b04c628a6e7322fd66328caf514,oryx-app-serving/src/test/java/com/cloudera/oryx/app/serving/als/model/ALSServingInputProducerIT.java,3,0,0,2,57,92,NoBug
ef46ed1fe87840b5ff09638f2ae512587347d249,framework/oryx-lambda-serving/src/main/java/com/cloudera/oryx/lambda/serving/ServingLayer.java,18,0,4,2,242,338,NoBug
015b14646fa7bc7754a700f3225e74064add272e,oryx-ml-mllib/src/test/java/com/cloudera/oryx/ml/mllib/als/HyperParamTuningIT.java,1,0,0,2,65,97,NoBug
03f2c7f0ebb0042b92e67815be63d6b9b5cddedc,framework/oryx-lambda/src/main/java/com/cloudera/oryx/lambda/batch/ValueWritableConverter.java,7,0,0,0,73,119,NoBug
08aa247a098e6225c8499b18f9ffb667856cd7c3,app/oryx-app-serving/src/test/java/com/cloudera/oryx/app/serving/als/AbstractALSServingTest.java,11,0,0,3,137,172,NoBug
0c1bfe9ae796c2d7138b2f6b7f2d9de2f60dc015,app/oryx-app-common/src/test/java/com/cloudera/oryx/app/pmml/AppPMMLUtilsTest.java,5,0,0,10,173,216,NoBug
27e9046b2bd92243c260efd8bcd0af46b92bdf9e,app/oryx-app-serving/src/main/java/com/cloudera/oryx/app/serving/als/Ready.java,1,0,1,2,20,48,NoBug
27e9046b2bd92243c260efd8bcd0af46b92bdf9e,app/oryx-app-serving/src/main/java/com/cloudera/oryx/app/serving/kmeans/DistanceToNearest.java,2,0,1,1,22,50,NoBug
49c1ead1c67cc8b980a4be36cff731a14ba4f3fb,app/oryx-app/src/test/java/com/cloudera/oryx/app/speed/rdf/MockRDFClassificationInputGenerator.java,3,0,0,2,13,35,NoBug
08aa247a098e6225c8499b18f9ffb667856cd7c3,app/oryx-app-serving/src/test/java/com/cloudera/oryx/app/serving/als/MostActiveUsersTest.java,1,0,0,4,29,53,NoBug
7f8f3cdde532d5bd1f8f41ab31e10719ed4ab984,oryx-app-mllib/src/test/java/com/cloudera/oryx/app/mllib/rdf/RandomNumericRDFDataGenerator.java,4,0,0,0,30,59,NoBug
c766a75f0a21dd2466533971b3d846376cd9dc6f,app/oryx-app-serving/src/main/java/com/cloudera/oryx/app/serving/als/AbstractALSResource.java,3,0,1,0,57,86,NoBug
08aa247a098e6225c8499b18f9ffb667856cd7c3,app/oryx-app/src/main/java/com/cloudera/oryx/app/speed/kmeans/KMeansSpeedModelManager.java,10,0,1,4,116,163,NoBug
49c1ead1c67cc8b980a4be36cff731a14ba4f3fb,app/oryx-app-mllib/src/test/java/com/cloudera/oryx/app/batch/mllib/als/ALSModelContentIT.java,4,0,0,2,68,103,NoBug
3b0fc229b3818b52dda4b6b863f9bca5dcfc4d86,framework/oryx-lambda/src/test/java/com/cloudera/oryx/lambda/speed/MockSpeedModelManager.java,2,0,0,4,29,56,NoBug
27e9046b2bd92243c260efd8bcd0af46b92bdf9e,app/oryx-app-serving/src/main/java/com/cloudera/oryx/app/serving/als/Because.java,1,0,1,1,62,101,NoBug
49c1ead1c67cc8b980a4be36cff731a14ba4f3fb,app/oryx-app-serving/src/main/java/com/cloudera/oryx/app/serving/als/Ingest.java,7,0,1,2,71,122,NoBug
27e9046b2bd92243c260efd8bcd0af46b92bdf9e,app/oryx-app-serving/src/main/java/com/cloudera/oryx/app/serving/als/Estimate.java,4,0,1,1,41,77,NoBug
27e9046b2bd92243c260efd8bcd0af46b92bdf9e,app/oryx-app-serving/src/main/java/com/cloudera/oryx/app/serving/kmeans/Console.java,1,0,1,0,12,34,NoBug
3e37e6e1d93a28c4cbc14584101fe0c8c9b46743,oryx-common/src/test/java/com/cloudera/oryx/common/collection/AndPredicateTest.java,1,0,0,2,17,39,NoBug
481ec44fd6a5d511ef42eddf47334a725d3a540c,app/oryx-app/src/main/java/com/cloudera/oryx/app/speed/kmeans/KMeansSpeedModel.java,1,0,1,6,34,64,NoBug
0c6bf96eb475361ed45c4d7e54a970819e33802a,app/oryx-app-mllib/src/main/java/com/cloudera/oryx/app/batch/mllib/rdf/RDFUpdate.java,50,0,1,4,510,631,NoBug
0c6bf96eb475361ed45c4d7e54a970819e33802a,framework/oryx-lambda/src/main/java/com/cloudera/oryx/lambda/batch/SaveToHDFSFunction.java,2,0,0,0,52,78,NoBug
3b0fc229b3818b52dda4b6b863f9bca5dcfc4d86,framework/oryx-lambda-serving/src/main/java/com/cloudera/oryx/lambda/serving/ScalaServingModelManagerAdapter.java,1,0,1,4,27,58,NoBug
27e9046b2bd92243c260efd8bcd0af46b92bdf9e,app/oryx-app-serving/src/main/java/com/cloudera/oryx/app/serving/als/AllUserIDs.java,1,0,1,1,19,45,NoBug
96491d3b4a6649c3c53bed17f1545e3f4f411f7f,framework/oryx-lambda/src/main/java/com/cloudera/oryx/lambda/batch/BatchLayer.java,7,0,1,4,118,167,NoBug
6168157dff2bc3dc210abe2f731785f2ad07960e,framework/oryx-lambda/src/main/java/com/cloudera/oryx/lambda/batch/BatchLayer.java,9,0,1,4,134,187,NoBug
49c1ead1c67cc8b980a4be36cff731a14ba4f3fb,framework/oryx-lambda-serving/src/test/java/com/cloudera/oryx/lambda/serving/MockTopicProducer.java,1,0,0,6,26,53,NoBug
49c1ead1c67cc8b980a4be36cff731a14ba4f3fb,framework/oryx-api/src/main/java/com/cloudera/oryx/api/TopicProducer.java,1,0,4,1,9,50,NoBug
518dc444be616e55a8aeb1bd047aaa411ae3281a,app/oryx-app-serving/src/main/java/com/cloudera/oryx/app/serving/kmeans/model/KMeansServingModelManager.java,6,0,2,2,64,106,NoBug
4bda59507a37d222f61f663eaddd241f834fb7ef,oryx-lambda/src/main/java/com/cloudera/oryx/lambda/speed/SpeedLayer.java,13,0,1,4,244,310,NoBug
c766a75f0a21dd2466533971b3d846376cd9dc6f,app/oryx-app-serving/src/main/java/com/cloudera/oryx/app/serving/AbstractOryxResource.java,9,0,1,0,103,148,NoBug
fc360fa3282bc438b5a71d6d7c6e2f585e824614,oryx-common/src/test/java/com/cloudera/oryx/common/math/VectorMathTest.java,3,0,1,8,62,94,NoBug
b6b02e9588f7acc5366ee6f9ac69d7abc17896b7,app/oryx-app-serving/src/main/java/com/cloudera/oryx/app/serving/als/MostSurprising.java,3,0,1,1,59,101,NoBug
3b0fc229b3818b52dda4b6b863f9bca5dcfc4d86,app/oryx-app/src/main/java/com/cloudera/oryx/app/speed/kmeans/KMeansSpeedModelManager.java,11,0,1,4,117,164,NoBug
518dc444be616e55a8aeb1bd047aaa411ae3281a,framework/oryx-lambda-serving/src/test/java/com/cloudera/oryx/lambda/serving/MockServingModelManager.java,1,0,0,4,18,43,NoBug
ed5ee2a4983b0f059e9027b6459240d4e3f06136,framework/oryx-lambda/src/main/java/com/cloudera/oryx/lambda/batch/BatchUpdateFunction.java,9,0,0,0,123,174,NoBug
08aa247a098e6225c8499b18f9ffb667856cd7c3,app/oryx-app-serving/src/main/java/com/cloudera/oryx/app/serving/kmeans/model/KMeansServingModel.java,1,0,1,6,42,74,NoBug
96491d3b4a6649c3c53bed17f1545e3f4f411f7f,framework/oryx-lambda/src/test/java/com/cloudera/oryx/lambda/batch/ValueWritableConverterTest.java,1,0,0,3,21,43,NoBug
2a54e16bc0e4d2def6decfc03b2a56b5e481308d,app/oryx-app-serving/src/main/java/com/cloudera/oryx/app/serving/als/model/ALSServingModel.java,42,0,9,9,377,520,NoBug
9e84e8c96615104177a505a0ee9784af8d0d8d12,app/oryx-app/src/test/java/com/cloudera/oryx/app/speed/rdf/RDFSpeedIT.java,20,0,0,3,155,204,NoBug
27e9046b2bd92243c260efd8bcd0af46b92bdf9e,framework/oryx-common/src/main/java/com/cloudera/oryx/common/settings/ConfigUtils.java,6,0,10,0,72,157,NoBug
2ca76e7a17cb7b04c628a6e7322fd66328caf514,oryx-lambda/src/test/java/com/cloudera/oryx/lambda/speed/AbstractSpeedIT.java,1,0,0,1,72,114,NoBug
0c1bfe9ae796c2d7138b2f6b7f2d9de2f60dc015,app/oryx-app-common/src/main/java/com/cloudera/oryx/app/pmml/AppPMMLUtils.java,26,0,10,4,193,293,NoBug
27e9046b2bd92243c260efd8bcd0af46b92bdf9e,framework/oryx-lambda-serving/src/main/java/com/cloudera/oryx/lambda/serving/TopicProducerImpl.java,3,0,1,6,50,85,NoBug
4805a728adf4218828fa58e17784b10565bd6d9f,app/oryx-app-mllib/src/test/java/com/cloudera/oryx/app/batch/mllib/rdf/RDFCategoricalHyperParamTuningIT.java,6,0,0,2,84,119,NoBug
fd8a77cc546c2a797833303878774b2697548349,oryx-api/src/main/java/com/cloudera/oryx/lambda/BatchLayerUpdate.java,1,0,2,0,14,56,NoBug
8de37c9b69a6688bc4af8f1d3601161a942aff58,deploy/oryx-batch/src/main/java/com/cloudera/oryx/batch/Main.java,1,0,1,1,15,40,NoBug
3b0fc229b3818b52dda4b6b863f9bca5dcfc4d86,framework/oryx-lambda/src/main/java/com/cloudera/oryx/lambda/speed/SpeedLayer.java,10,0,1,4,164,218,NoBug
49c1ead1c67cc8b980a4be36cff731a14ba4f3fb,app/oryx-app-mllib/src/test/java/com/cloudera/oryx/app/batch/mllib/AbstractAppMLlibIT.java,12,0,1,0,108,138,NoBug
3b0fc229b3818b52dda4b6b863f9bca5dcfc4d86,framework/oryx-api/src/main/java/com/cloudera/oryx/api/speed/SpeedModelManager.java,1,0,3,1,13,60,NoBug
3b0fc229b3818b52dda4b6b863f9bca5dcfc4d86,framework/oryx-lambda-serving/src/main/java/com/cloudera/oryx/lambda/serving/ModelManagerListener.java,9,0,1,3,159,213,NoBug
27e9046b2bd92243c260efd8bcd0af46b92bdf9e,app/oryx-app-serving/src/test/java/com/cloudera/oryx/app/serving/als/model/ALSServingInputProducerIT.java,3,0,0,2,57,93,NoBug
49c1ead1c67cc8b980a4be36cff731a14ba4f3fb,app/oryx-app-serving/src/test/java/com/cloudera/oryx/app/serving/als/model/ALSServingInputProducerIT.java,3,0,0,2,57,90,NoBug
fd8a77cc546c2a797833303878774b2697548349,oryx-ml/src/main/java/com/cloudera/oryx/ml/MLUpdate.java,30,0,5,1,260,369,NoBug
96491d3b4a6649c3c53bed17f1545e3f4f411f7f,framework/oryx-lambda/src/main/java/com/cloudera/oryx/lambda/batch/SaveToHDFSFunction.java,2,0,0,0,52,78,NoBug
2ca76e7a17cb7b04c628a6e7322fd66328caf514,oryx-app-serving/src/test/java/com/cloudera/oryx/app/serving/als/model/ALSServingModelManagerIT.java,4,0,0,2,52,85,NoBug
fd8a77cc546c2a797833303878774b2697548349,oryx-lambda/src/main/java/com/cloudera/oryx/lambda/BatchUpdateFunction.java,5,0,0,0,99,145,NoBug
49c1ead1c67cc8b980a4be36cff731a14ba4f3fb,app/oryx-app-serving/src/test/java/com/cloudera/oryx/app/serving/als/IngestTest.java,2,0,0,7,69,99,NoBug
7f8f3cdde532d5bd1f8f41ab31e10719ed4ab984,oryx-app-serving/src/main/java/com/cloudera/oryx/app/serving/kmeans/DistanceToNearest.java,2,0,1,1,20,48,NoBug
49c1ead1c67cc8b980a4be36cff731a14ba4f3fb,framework/oryx-lambda/src/test/java/com/cloudera/oryx/lambda/batch/AbstractBatchIT.java,7,0,0,1,103,146,NoBug
7f8f3cdde532d5bd1f8f41ab31e10719ed4ab984,oryx-common/src/test/java/com/cloudera/oryx/common/text/TextUtilsTest.java,1,0,1,9,96,131,NoBug
87924413eb8c6508f3f082e3775efd4bd6c1f760,oryx-app/src/test/java/com/cloudera/oryx/app/speed/kmeans/KMeansSpeedIT.java,4,0,0,2,77,116,NoBug
27e9046b2bd92243c260efd8bcd0af46b92bdf9e,app/oryx-app-serving/src/main/java/com/cloudera/oryx/app/serving/kmeans/Add.java,3,0,1,3,50,81,NoBug
49c1ead1c67cc8b980a4be36cff731a14ba4f3fb,app/oryx-app-mllib/src/test/java/com/cloudera/oryx/app/batch/mllib/rdf/RDFNumericHyperParamTuningIT.java,7,0,0,2,88,124,NoBug
49c1ead1c67cc8b980a4be36cff731a14ba4f3fb,framework/oryx-lambda/src/main/java/com/cloudera/oryx/lambda/TopicProducerImpl.java,4,0,1,5,50,85,NoBug
aedeaf59cb865c44f12db297a852e0ee43d6d317,oryx-app/src/test/java/com/cloudera/oryx/app/speed/als/MockALSInputGenerator.java,2,0,0,2,19,40,NoBug
3b0fc229b3818b52dda4b6b863f9bca5dcfc4d86,app/oryx-app-serving/src/main/java/com/cloudera/oryx/app/serving/kmeans/model/KMeansServingModelManager.java,6,0,2,3,64,108,NoBug
03f2c7f0ebb0042b92e67815be63d6b9b5cddedc,framework/oryx-lambda/src/test/java/com/cloudera/oryx/lambda/batch/ValueWritableConverterTest.java,1,0,0,6,34,59,NoBug
3b0fc229b3818b52dda4b6b863f9bca5dcfc4d86,app/oryx-app-mllib/src/test/java/com/cloudera/oryx/app/batch/mllib/als/ALSUpdateIT.java,14,0,0,2,148,204,NoBug
7f8f3cdde532d5bd1f8f41ab31e10719ed4ab984,oryx-app-serving/src/main/java/com/cloudera/oryx/app/serving/als/Ingest.java,7,0,1,2,71,122,NoBug
27e9046b2bd92243c260efd8bcd0af46b92bdf9e,app/oryx-app-serving/src/main/java/com/cloudera/oryx/app/serving/als/KnownItems.java,2,0,1,1,29,56,NoBug
cb3d463ccf916877ec6fe5261653d3a32377a7fe,framework/kafka-util/src/main/java/com/cloudera/oryx/kafka/util/KafkaUtils.java,8,0,6,0,100,157,NoBug
96491d3b4a6649c3c53bed17f1545e3f4f411f7f,app/oryx-app-common/src/main/java/com/cloudera/oryx/app/rdf/predict/CategoricalPrediction.java,6,0,3,9,90,140,NoBug
3b0fc229b3818b52dda4b6b863f9bca5dcfc4d86,framework/oryx-common/src/main/java/com/cloudera/oryx/common/pmml/PMMLUtils.java,4,0,8,0,66,132,NoBug
27e9046b2bd92243c260efd8bcd0af46b92bdf9e,app/oryx-app-serving/src/main/java/com/cloudera/oryx/app/serving/als/MostPopularItems.java,3,0,1,1,74,112,NoBug
3e37e6e1d93a28c4cbc14584101fe0c8c9b46743,oryx-ml-oryx-serving/src/main/java/com/cloudera/oryx/ml/serving/als/model/ALSServingModelManager.java,9,0,0,4,79,118,NoBug
27e9046b2bd92243c260efd8bcd0af46b92bdf9e,framework/kafka-util/src/main/java/com/cloudera/oryx/kafka/util/ConsumeData.java,2,0,1,3,34,63,NoBug
8de37c9b69a6688bc4af8f1d3601161a942aff58,deploy/oryx-speed/src/main/java/com/cloudera/oryx/speed/Main.java,1,0,1,1,15,40,NoBug
7f8f3cdde532d5bd1f8f41ab31e10719ed4ab984,oryx-app-mllib/src/test/java/com/cloudera/oryx/app/mllib/rdf/RandomCategoricalRDFDataGenerator.java,3,0,0,0,30,60,NoBug
3b0fc229b3818b52dda4b6b863f9bca5dcfc4d86,framework/oryx-common/src/test/java/com/cloudera/oryx/common/pmml/PMMLUtilsTest.java,1,0,0,6,64,90,NoBug
8de37c9b69a6688bc4af8f1d3601161a942aff58,framework/oryx-common/src/main/java/com/cloudera/oryx/common/lang/JVMUtils.java,3,0,3,0,23,60,NoBug
49c1ead1c67cc8b980a4be36cff731a14ba4f3fb,app/oryx-app-serving/src/main/java/com/cloudera/oryx/app/serving/kmeans/Add.java,3,0,1,3,48,79,NoBug
3e37e6e1d93a28c4cbc14584101fe0c8c9b46743,oryx-common/src/main/java/com/cloudera/oryx/common/collection/AndPredicate.java,3,0,0,3,20,42,NoBug
49c1ead1c67cc8b980a4be36cff731a14ba4f3fb,app/oryx-app-mllib/src/test/java/com/cloudera/oryx/app/batch/mllib/kmeans/KMeansHyperParamTuningIT.java,1,0,0,2,54,87,NoBug
3b0fc229b3818b52dda4b6b863f9bca5dcfc4d86,framework/oryx-lambda-serving/src/test/java/com/cloudera/oryx/lambda/serving/MockServingModelManager.java,1,0,0,4,17,43,NoBug
91004a03413eef0fdfd6e75a61b68248d11db0e5,app/oryx-app/src/main/java/com/cloudera/oryx/app/speed/als/ALSSpeedModelManager.java,17,0,1,3,131,218,NoBug
7f8f3cdde532d5bd1f8f41ab31e10719ed4ab984,oryx-app-serving/src/main/java/com/cloudera/oryx/app/serving/kmeans/Assign.java,4,0,1,3,64,99,NoBug
27e9046b2bd92243c260efd8bcd0af46b92bdf9e,framework/kafka-util/src/main/java/com/cloudera/oryx/kafka/util/ProduceData.java,3,0,1,3,77,109,NoBug
0c6bf96eb475361ed45c4d7e54a970819e33802a,framework/oryx-lambda/src/test/java/com/cloudera/oryx/lambda/batch/ValueWritableConverterTest.java,1,0,0,3,21,43,NoBug
4805a728adf4218828fa58e17784b10565bd6d9f,framework/oryx-ml/src/main/java/com/cloudera/oryx/ml/MLUpdate.java,31,0,5,1,270,384,NoBug
49c1ead1c67cc8b980a4be36cff731a14ba4f3fb,app/oryx-app-mllib/src/test/java/com/cloudera/oryx/app/batch/mllib/kmeans/KMeansUpdateIT.java,4,0,0,2,75,116,NoBug
49c1ead1c67cc8b980a4be36cff731a14ba4f3fb,app/oryx-app-serving/src/main/java/com/cloudera/oryx/app/serving/als/Preference.java,5,0,1,2,53,85,NoBug
518dc444be616e55a8aeb1bd047aaa411ae3281a,framework/oryx-lambda-serving/src/main/java/com/cloudera/oryx/lambda/serving/ScalaServingModelManagerAdapter.java,1,0,1,6,36,69,NoBug
49c1ead1c67cc8b980a4be36cff731a14ba4f3fb,framework/oryx-ml/src/test/java/com/cloudera/oryx/ml/SimpleMLUpdateIT.java,5,0,1,1,73,113,NoBug
3b0fc229b3818b52dda4b6b863f9bca5dcfc4d86,app/oryx-app-mllib/src/test/java/com/cloudera/oryx/app/batch/mllib/als/ALSModelContentIT.java,5,0,0,2,70,105,NoBug
27e9046b2bd92243c260efd8bcd0af46b92bdf9e,app/oryx-app-serving/src/main/java/com/cloudera/oryx/app/serving/kmeans/Assign.java,4,0,1,3,66,101,NoBug
